review_id,user_id,game_id,review_point,review_title,review_content,spoiler_flg,created_at,updated_at
1,2,1,95,大人になれよ……,"過去に類を見ないレベルで炎上しているこのゲーム、自分はとても面白いと思います。序盤から新ポケモンが沢山登場し、初見のポケモンを目にする度に「何だこのポケモン！？」と反応してしまいます。それでふと、子供の頃にポケモンをプレイしていたときも同じような反応していたなぁ、と思い出しました。

自分が初めてゲームに触れたのは3世代RSで、初めて親に買ってもらったのは4世代DPです。今になってみればDPって、当時の水準でも凄く優れているわけでもなかったし、戦闘のテンポすごく悪い、レポート長いでめちゃくちゃ神ゲーってわけでもないんですよね。でも当時の僕は新たに出会う新ポケモンに半端なく胸を高鳴らせていて、テンポとか操作性とかなんてぜんぜん気にしていなかった。レベル上げなんて今では作業としか思えないけど、当時は何が楽しいのか、ひたすら何体もレベル100にしてやりこみまくってた。今やってみても、確かに悪い所はあるにはあるが、そこに目を瞑れば十分に楽しめます。

大人になるとネットですぐに情報が手に入るし、ネットなら批判も気にせずに好きなだけ言えます。だからこそ、ゲームの良くない所ばかりが目に付いて批判意見をごろごろと垂れ流すようになるんですね。自分は面白いと思っていても、批判意見ばかり目にすると、次第に自分も批判的な目になってしまうことって誰にでもよくあると思います。",0,2019/11/30 16:57:00,2019/11/30 16:57:00
2,3,1,81,ポケモンが好きか否かで購入を検討するべし,"初代から全シリーズプレイしています。
殿堂入り後のストーリーまでクリアして、今作は歴代史上最高の出来だと思っています。
国民的なゲームなので新作が出るたびどうしても懐古厨が騒ぎがちですよね。
あれはいらないこれはいらない、というだけで新しい要素が入っていないと文句言う。
そんなエセ評論家懐古厨の意見よりも、自らが「ポケモンが好き」なのかどうかで購入を検討するべきです。
ポケモンが好きなら間違いなく楽しめる内容になっています。

ストーリー・演出・BGM含め、大好きな初代をも超えるクオリティだったと思います。
普段レビューなど書かないタイプですが、とにかく感動したのでそれを伝えたかった！
ポケモンって据え置き向きだなあと思いました。もう3DSでポケモンできません。",1,2019/11/30 16:57:00,2019/11/30 16:57:00
3,4,1,93,小学生以来のポケモン泣いた。☆１にしようと思ったけど女の子可愛いから満点,"ポケモンは小学校のダイヤモンド・パール以来です。ポケモンが大好きで大好きで友達より強くなるために夜更かしも沢山して、身長を犠牲にしました。

地元と離れた学校に進学し、周りにはポケモンをやる友達もどんどん少なくなり、もはや中高生になってポケモンをやっているなんてどう見られるか考えたら恥ずかしいし、実際ポケモンやってる同級生を他の同級生と一緒にからかったりもしました。

ポケモン好きな男なんてどう考えてもモテそうにないと思ってました。

自分の中に閉じ込めたポケモン愛を見てみぬ振りをしました。

大学生になり、中高生の時より周りの空気に流されないようになりました。

家には陽キャも大好きスマブラの為に買ったSwitch。Twitterでは皆がポケモン新作の話題で大騒ぎしている。

私は意を決して購入しました。大好きなポケモンの為に。

ゲームを起動し、最初のポケモンを選ぶ時には胸が高鳴り、初めて野生のポケモンと戦った時にはそのグラフィックに驚愕し、戦いを終えて経験値を獲得した時には泣いていました。

小さい頃に無くしたポケモン愛。無くしたのではなく、私が切り捨てていただけでした。

今では彼女とイチャイチャしながらポケモン三昧。一緒の趣味の人と一緒にいるって最高ですね。

ポケモン、ゲットだぜ！",0,2019/11/30 16:57:00,2019/11/30 16:57:00
4,5,1,70,面白い！,"シールドの方も気になったがソードを購入。
内容は言うまでもなくグラフィック、音楽、ストーリー、バトル全てにおいて文句無に良い。
フィールドを歩いていても爽快感的なものがあり気持ちいい。
またストーリーをある程度進めると自転車に乗ることができるので移動も楽しいですよ。
メインはバトルだが、やっぱりダイマックス（ポケモンの巨大化で戦闘できる所）がたまらなく良い。
ストーリーもすぐには終わらないとは思うので長く楽しめると思いますよ。
今はやめどきが難しく完全にプレイに夢中です。みんなでポケモンバトルを楽しみましょう！",0,2019/11/30 16:57:00,2019/11/30 16:57:00
5,6,1,96,面白い（＾ω＾）,面白い！,1,2019/11/30 16:57:00,2019/11/30 16:57:00
6,7,1,72,これが私の答え,"発売前からゴタゴタ言われてたけど普通に面白いよこれ
懐古厨はその考えを捨てて純粋な気持ちでプレイしてほしい、グラフィックも綺麗になってたかBW2以来にポケモン新作買う自分にとってそれだけで興奮した。",0,2019/11/30 16:57:00,2019/11/30 16:57:00
7,8,1,95,前作、サンムーン以上に楽しめている,"これまでの本編はマイチェンを除き全部プレイ
サンムーンも良かったけど今作もいい
序盤からワイルドエリアでいろんなポケモンが見られるので飽きが来ない
出現するポケモンも豊富で、最終進化もワイルドエリアでは普通にいたりする
ダラダラと楽しみながらやってます
対戦になると、ポケモンの数が減ったのは多少気になるかもしれない
けどどうせ前作もレートではおなじみのポケモンばかりだったので、意外と気にならないかもしれない

ストーリーだけでも十分満足できるが、ワイルドエリアでいろんなポケモンを見れたのが特に良かった",0,2019/11/30 16:57:00,2019/11/30 16:57:00
8,9,1,70,面白すぎる,"ポケモン歴20年。ここまで来たかという感じ。
わくわくが止まらない！面白すぎる！",0,2019/11/30 16:57:00,2019/11/30 16:57:00
9,10,1,74,賛否両論ありますが…,"レビューやネットの評判を見ていると、今作はポケモンのリストラだの、ストーリーが面白くないだの、強制終了かどうとかグラフィックとかなんやらかんやら批判が殺到しているようですが、確かに実際にそういった事実があることは残念なことですが、僕は非常に満足のいく作品だと思います。全く不満がないわけでもありませんが、そもそも本当にゲームに不満があれば""最後までクリアした感想としては…""なんてこと書かずに、とっくにストーリー中盤で辞めて売りに出した方がよっぽど時間を無駄にせずにすみます。時代は変化します。もちろんポケモンも時代とともに変わっていきます。その結果最初からデフォルトでキャラにダッシュが追加されていたり、栄養ドリンクの仕様変更やポケセンでニックネーム変更や技の思い出し・忘れができるようになったりと、どれも少しでもプレイヤーが快適に遊べるように変更されています。他にも色々と便利な仕様変更がありますが、今作はあれがだめこれがだめと言っている人は、こういった点をどう思っているんでしょうかね？恐らくそういった人は子供時代に手間暇かけて遊んだ白黒画面に映るポケモンが忘れられないんでしょう。こんな新作なんか買わずに、そっちで遊んでいればいいのです。時代の流れについていけない以上仕方ありません。ゲームの製作者側でもきっと毎回苦労しながら作品を作っているはずです。どこを妥協するべきか、残すべきか、そんな苦労の末作り上げた今作のポケモンと、その製作者に、まずは感謝するべきでは？とも思います。ポケモンリストラ問題も、好きだったポケモンが出ないのは悲しいことですが、それは違う地方だから、と割り切って、新たなポケモンとの出会いを求めるのもどうでしょう？日本にいた時は好きで飼ってた柴犬が、アメリカにはいなくて飼えないからボストンテリアを飼う、みたいなノリでいいんじゃないでしょうか？笑
強制終了問題も僕はそもそもデマなのでは？と疑ってさえいます。なんせ見の周りでそんな話全く聞かないし、仮にそんなことがあったら、会社に問い合わせて返品・返金してもらえばいいでしょう。何かポケモンに対する熱心なアンチが変な噂を立てているような気がしてなりません。
とにかく、色々批判はありますが、そもそも前と比べているようじゃ、新しい作品を満足に楽しむ事はできません。まずは買って、100%遊び倒して、それから落ち着いて良く考えてみて、今回はどうだっか考えればいいでしょう。新しい地方、新しいハード、新しい要素の中で心機一転、初めてポケモンに触れる気持ちでぜひ遊んで見てはどうでしょう。任天堂さん、ゲームフリークさん、今年もいいもの、ありがとうございます。",0,2019/11/30 16:57:00,2019/11/30 16:57:00
10,11,1,92,楽しい,"不満点は特になし。
良くも悪くも今までのポケモン。
元々期待もしていなかったし、いい加減ポケモンやめようと思いながらも買っちゃう勢なのでのんびりプレイ。
普通にやる分にはストレスが溜まる点はないし、一度の戦闘でパーティ全員レベルが上がる。ワイルドエリアはシステムが面白くて楽しい。ストーリーも今までとは違う雰囲気でのめり込む。。設定なども現在に合わせて違和感のないように整理されている。総合的に見て十分面白い。

※クリア後
結果的に見ると今までのポケモンで一番やり込める作品だと思う。
レイドバトルは難易度は高いがしっかり相性などを考えれば勝てなくはないし、そのおかげで強いポケモンが簡単に手に入るのは有難い。厳選も今までは敬遠していたが、やり易くなったおかげで少しずつ勉強出来るようになった。ワイワイ通信もやってみるとキョダイマックスとも戦えるし、マジカル交換で欲しかったポケモンも手に入る。オンラインに入っておくと色々楽しめる。何より遠くに居る友達と通信対戦出来たのは嬉しかった。
今後アニメも見ながらのんびり楽しんで行きたいと思える作品。

※せっかくだから気になる点。
未だにボイスがないことや、戦闘画面でポケモンに見切れがあったりするところ。
後半のストーリーも単調で謎になっている部分があり、バランスが取れていないように思えた。
特に話題になってる多くのポケモンがリストラされたことはよく分からない。自分はいつも同じポケモンが新大陸に居るせいでなんだかな、と思っていたのであまり気にしていないが、半分もリストラされたことはいまいちピンと来ていない。あれだけ多くのポケモンをゲーム内に登場させるのは大変かも知れないが、ポケモンよりも更に広大なフィールド、作り込まれたマップ、登場キャラの多いゲームはたくさん存在する。
何故未だにボイスもつかず、様々な要素が中途半端な作品なのかはよく分からない。でも楽しいっちゃ楽しい。",0,2019/11/30 16:57:00,2019/11/30 16:57:00
11,12,1,83,じっくりと遊べる。,"レビューの評価が割れていることが気になりましたが、youtubeでプレイ動画を見ているとどうしてもやりたい気持ちが強く購入。BW２以来のプレイです。これを機にSwitchライトも購入しました。

最序盤で早くもエラーで強制終了が発生しましたが、その後は問題無く進行できています。

特にレベル上げをしなくてもレベルが上がりやすく、オート学習装置仕様、秘伝要員も不要とストーリーを進めるだけならサクサクいきます。ライバルとの戦闘も、戦う前に選択肢が出るなど、過去作と比べると確かにヌルいでしょう。

大きな寄り道ではありませんが、ワイルドエリアの散策や、リアルタイムを使うポケジョブなどの導入があり、自分のように作業ゲーを好むタイプは好きだと思います。半面、さっさとクリアしたい人は難易度がかなり低いので物足りない評価となるのではないでしょうか。

綺麗な画質、新しいポケモンに音楽、相変わらず新しい世界にワクワクさせられます。",0,2019/11/30 16:57:00,2019/11/30 16:57:00
12,13,1,99,迷うくらいなら買うべきかと,久しぶりのポケモンでしたが、新しいポケモンとの出会い、新しいシステムにより、しっかり楽しませてもらってます🥳迷っているなら購入をオススメします。,0,2019/11/30 16:57:00,2019/11/30 16:57:00
13,14,1,91,クソ楽しいです,"対人戦や、レイドの仕様で玄人の方々から少し意見があったりしますが
普通にストーリーをやって、エンディングを迎えるような一般的なプレイスタイルならただただ楽しめると思います

大勢の観客の中でのジムバトルは新鮮で、主人公である自分が本当に注目されていることが実感できます
自分は過去作で(ストーリーは楽しめても)チャンピオンになることにマンネリとしていました
そりゃ最後にはチャンピオンになるでしょ、と
ですが今作では大勢の注目の中ジム戦を行い、トップに上り詰めるそのスゴさと特別な存在である主人公の状況にのめり込む為の演出が本当に上手い
ドデかいスタジアムでこじんまりと戦っていても迫力が無いし、ダイマックスという要素がその演出と上手く噛み合って、BGMも相まってただのジムバトルがもの凄いアツかった

キャラも魅力満点
自分の場合だとシリーズで一番好きっていうレベルのキャラが軽く3、4人出てきてしまった
深く語るとネタバレになるので語りませんが、是非プレイしてキャラの魅力を知って欲しい",0,2019/11/30 16:57:00,2019/11/30 16:57:00
14,15,1,100,主人公が可愛い,"主人公の女の子が可愛い。前作であるピカブイが泥人形に見えるレベル
戦闘中も正直ポケモンより主人公ばかり見てました。撮影した写真を見たら8割が主人公でした
まとめサイトで話題になっているエラーやSDカード破壊なんでことはありませんでした（どうせデマでしょ？）
ピカブイで面倒くさかったシステム面も改善されていて遊びやすくなっており、ストーリーはタワーのエスカレータ以外でストレスを感じませんでした。
面白かったです。なにより主人公が可愛かったです。",0,2019/11/30 16:57:00,2019/11/30 16:57:00
15,16,1,96,大人もハマれるゲーム,"久しぶりにプレイしたくなったので購入したのですが、
マップが3Dになって雰囲気が変わり、
ポケモンは3Dになって魅力がアップしています。
新しい地方ということで
新種のポケモンが沢山登場するのも良いですね。
戦闘時ですが、
それぞれの技が敵に有効なのかが表示されるようになり
とても親切です。
肝心のシナリオですが、
ターゲット層を考えれば
批判されるような悪いものではありません。
音楽は良い感じですけど、
大人向けなのかなという曲も…。",0,2019/11/30 16:57:00,2019/11/30 16:57:00
16,17,1,66,良い,"発売前から色々賛否両論有った作品ですが、実際にやってみた所、かなり面白かったです。
レッツゴーが個人的に好みじゃなかったというのも有りますが、USM並みに神ゲーだと感じました。
開始直後にグラフィックが大幅に良くなっていて感動します。
レッツゴーレベルのグラフィックを予想していましたが、今までのポケモンと比べ物にならないくらいグラフィックが進化しており、ゲームの世界感に入り込めます。
演出もかなりレベルアップしていて、カメラの動きやキャラクターの細かい動作等、本当にプレイしていて感動しました。
育成面がだいぶ楽になっている点に関しては賛否両論ありますが、初心者から上級者まで遊ぶ事や育成や厳選に時間が掛からない事は僕は良い事だなと感じます。
ポケモンのリストラに関しては色々な理由があったのでしょうが、どの道増えていく中で何処かのタイミングで容量的な理由や制作時間の問題上、いずれ発生したであろう問題なので其処までは気にしていません。
ただ、もうちょっと出現するポケモンを考えた方が此処まで問題にならなかったのかなとは感じます。
戦闘向け出なかったり不人気ポケモンを出すくらいなら純粋に人気の高いポケモンを出した方が良いかと。
個人的に今作で一番残念だったのはストーリーです。
決して話が悪い訳でも無いですし、演出や全体的にキャラが濃く設定がしっかりしている点はストーリーに良い影響を及ぼしているとは思うのですが、1つ目に悪役が露骨に分かりやすい点。
SMとまんまな配置で、明らかに小物感漂う悪役に、見るからに黒幕っぽい風貌を纏っていてストーリーにめっちゃ絡んでくる存在。",0,2019/11/30 16:57:00,2019/11/30 16:57:00
17,18,1,65,久々にポケモンにハマりました,"携帯機のXY、OR、SMはあまりハマれなかった自分が今までやったポケモンの中で一番楽しめています。

グラフィックや演出も素晴らしいのですが、初心者や久々にポケモンをプレイする方でも楽しめるよう丁寧な作りで、なおかつやり込みがいはそのままなのでいつまでもやっていられる楽しさがあります。

個人的に一番推したい点はBGMの素晴らしさです。ジム戦、ラテラルタウンなど耳に残るノリの良いBGMが多いです。
特にマリィ戦はほんとにかっこいいです。このBGMが聴けただけでも購入した価値がありました。",0,2019/11/30 16:57:00,2019/11/30 16:57:00
18,19,1,67,ポケモンの正当進化,"11年ぶりの新作購入。
序盤はワイルドエリア等のワクワク感があり、ストーリーもなかなか良かった。中盤は少し物足りない感があったが、終盤の熱さは申し分なかった。
作品のところどころにもっと良くなる部分があったのでそこを詰めることができていたらここまでの酷評にはならなかったと思います(ワイルドエリア以外での視点移動、フレームレート、梯子を登ると時が止まる、ジム戦までの駆け足感、中盤ストーリーの充実、バグ等)
しかし、これらを考慮しても評価5にするほど面白かったです。
次回作は今作で出た問題などを改善してくれると思いますので、期待しています！",0,2019/11/30 16:57:00,2019/11/30 16:57:00
19,20,1,89,買ってよかったです。,"ポケモンが始まったとの事で気になりSwitchライトとあわせて購入。
購入して次の日には届きました。
Amazonでのレビューはあまり良くなかったのでそこまで期待していませんでしたがとても楽しいです！
私はブラックホワイトが最後で、それ以降ポケモンゲームには手をつけていませんでしたがソードも楽しくプレイしてます^^
初めてやる方もそうでない方も買って損は無いと思います。
ただ過去のポケモンがあまりいない点については少し寂しい気もします^^;",0,2019/11/30 16:57:00,2019/11/30 16:57:00
20,21,1,64,めちゃめちゃ面白いじゃん,酷評がよくわかりません。新鮮な感じがしますし、イギリスを髣髴とさせる景色が素敵。ワイルドエリアが楽しくて仕方がない！ポケモンのデザインも悪くないと思う。あんまり多すぎてもね！純粋に楽しむ気持ちが大事だと思いました。イエローからずっとやってきましたが、今回も夢中さ。,0,2019/11/30 16:57:00,2019/11/30 16:57:00
21,22,1,65,とっても面白い！買って損無し！,"ポケモン新作という時点でかなり期待をしていましたが、それを裏切らない面白さでした。

ライバルのホップ、ビートやチャンピオンであるダンデ。見習い博士のソニアなどに加えて、ジムリーダー達もとても良いキャラだったので、次の町へ進むワクワクが止まりませんでした。

ワイルドエリアは、今までのポケモンに無かったような広大で多彩なものです。1つのマップにこれほど多種多様で様々なレベルのポケモンがいる作品はありませんでした。私は新しいポケモンを見つけるのが楽しくて中々先に進めませんでした(笑)

ダイマックスも3ターンという制約をしたことによって、新たに評価される技があるなど、バトルにさらなる戦略性が増えました。
キョダイマックスはストーリーでは基本的に、ジムリーダーなど限られた敵が使ってきます。大きくなって姿が変わるのが切り札感や迫力があり、かっこよかったです。

繰り返すようになってしまいますが、総評で言うととても面白いゲームでした。大満足です。
まだやれる事はたくさんあるので、育成や対戦、図鑑埋めなどを楽しみたいと思っています。",0,2019/11/30 16:57:00,2019/11/30 16:57:00
22,23,1,86,文句が出るなら買わなければ良い,そもそもゲームは子供が遊ぶ為の物ですから大人に面白くないと文句を言われる物ではありません。文句が出るなら大人としてこれからは絶対に買わなければ良いんです。,0,2019/11/30 16:57:00,2019/11/30 16:57:00
23,24,1,69,ポケットモンスターソードシールド,Switchは持っていないがとても面白かった,0,2019/11/30 16:57:00,2019/11/30 16:57:00
24,25,1,78,本当に面白く楽しかった。,"ポケモンを初めてやったのは小学生の時、緑です。初代の世代です。
それから金をプレイし、その後も色々シリーズやりましたが何だか続かなくてポケモンリーグに行く頃には飽きてやめてしまっていましたがこれは久しぶりにクリアできました。
激選だの固体値だのは全くわかりません。ただ童心に帰って小学生の頃のように純粋に夢中で楽しめたシリーズです。
私みたいにもう一度ポケモンに触れてみたい、ただ単純に楽しみたい人には絶対おすすめの作品です。",0,2019/11/30 16:57:00,2019/11/30 16:57:00
25,26,1,90,ジムリーダーのみんなを好きになれる良い作品。,"とても面白かったです。なぜ批判が多かったのか分かりまん。ただその人達の声が大きいだけだと思いだけでしょう。
さて私が今回プレイして感動したのが、ジムリーダーとの絡みが過去作に比べてとても多いいことです。 1度戦って終わりではなく、強くなってからまた戦える人いれば一緒に各地を回ることが出来る人もいます。 またキャラクターの写真と詳細がついたカードが各2種類あり、その内容もとても素敵でした。カブさんとネズさんがとても好きになりました。
あとライバルのホップくんも素敵な子でしたね。褒め上手な子です。主人公と比べられ辛いだろうに、それを跳ね除け成長していく姿は感動しました。
購入を迷っている方は是非やって頂きたいです。",0,2019/11/30 16:57:00,2019/11/30 16:57:00
26,27,1,68,買うべき,面白い！,0,2019/11/30 16:57:00,2019/11/30 16:57:00
27,28,1,78,初代（赤緑）以来、ひさしぶりに夢中になって遊びました,"赤緑（青黄）以降のポケモンもなんとなくはプレイしてはいましたが
昼夜固定の時間でのみ進化するとか♂♀別デザインとかフェアリーとか、厳選とか、性格とか、ポケパルレとか、進化前の前（赤ちゃんポケモンみたいなやつ）が出てきたあたりで挫折してて、ほかにもシナリオが頭に入ってこなかったり、ポケモンの数が多すぎたり…と、初代ほど入り込めなくてリーグ前で辞めたりということをしてたんですけど、剣盾はそんな私でも楽しめる作品でした。

赤緑世代からみたものすごくうれしかったところ
・アイテム接待（釣り竿最初から持ってる、自転車すぐ乗れる、回復アイテムをぽんぽんもらえる）
・穴抜けの紐、釣り竿が別枠装備（他のアイテムを圧迫しない）
・ダウジングマシンがいらない（落ちてるアイテムが光ってるから取り逃しがない）
・いあいぎり、フラッシュ、そらをとぶ、かいりき要員で手持ちが埋まらない（手持ちの自由度が自由）
・シンボルエンカウントだから草むらの通り抜けにストレスを感じない
・ドット絵だったポケモンたちが3Dで動いてる感動
・好きなポケモンを大きくできる（ダイマックス）
・BGMが良い。スポーツ音楽、ロック、ブラスバンド、歓声など。すごい盛り上がる
・（終盤のシナリオ展開はもっと詳しく書いてほしかったけど）キャラクターがいい
・ひねくれているキャラクターを救ってくれる存在がいる。心の底から嫌われるキャラクターがいない。
・離れていたプレイヤーでもクスっと笑える昔の小ネタが多くて懐かしい。
・あの頃描いていたポケモンの世界が展開されている。
・いままで通信交換でしか手に入らなかったポケモン（ゲンガーなど）をワイルドエリアで捕まえることができたり、レイドバトルでゲットできる

ストーリー完全クリア後は胸がいっぱいになりました。
赤緑をプレイしていた時と同じ感覚で心の底から楽しかったです。

図鑑はポケモンの数は151匹だった世代なので剣盾のだいたい300匹くらいがちょうど良かったです。
ただ、シナリオの終盤が駆け足で残念なので…剣盾のリメイクで補完されることを楽しみにしています。",0,2019/11/30 16:57:00,2019/11/30 16:57:00
28,29,1,76,マリィ…,マリィかわいい,0,2019/11/30 16:57:00,2019/11/30 16:57:00
29,30,1,98,家に帰ればポケモンあるしな,"仕事頑張れない人間にトレーナーの気持ちを思い出させてくれました
ありがとうございます
ニャースとバリヤードが少し？ちょっと？いやかなり？？可愛くなry…
ジグザグマは黒白固定でいいくらい可愛いです",0,2019/11/30 16:57:00,2019/11/30 16:57:00
30,2,2,66,あぁ、今日もピカチュウが尊い,"私のポケモンとの出会いは14年程前のこと…
そう…そこからポケモンたちとの冒険は始まりました…
あの日マサラタウンを旅立ち、今はガラルの地に降り立ちました…
そこでまた新たなポケモンたちと出会い、共に旅をする…
それはいつしか私の第二の人生のようなものになっていきました…
今やポケモンなしでは生きていけないほどポケモンは私の心に刻まれています…

まだソフトが届いて数日ですが今作もストーリークリアしました。グラフィックもキャラデザもメインストーリーも良かったです。ただ、チャンピオン戦直前のストーリーとエンドロール後のストーリーはタラタラと長くて少し鬱陶しかったです。何度も何度も同じ人物を追いかけてバトルしたり。今作は人物ストーリーがメインかもしれないです。

でも、育成はしやすく新しい要素も多くてストーリーもサンムーンよりは楽しめたので
次回作への期待も込めて高評価とします。",0,2019/11/30 16:57:00,2019/11/30 16:57:00
31,3,2,88,推しが…,"いつも一緒に旅した推しがいない
受け入れて楽しむね…",0,2019/11/30 16:57:00,2019/11/30 16:57:00
32,4,2,96,奥歯にものが挟まるポケモン,"第一印象としては、すっかり海外向けゲームになったなぁという印象。海外のゲームの日本語版という感じです。
ストーリーも中身が薄く、冒険している感がない。
話がポンポンと先に進んでいってしまうため、「あ、もういっていいの？」「もうリーダー戦やっちゃっていいの？」みたいな感じ。
リーダー戦の前後に何かもう少し仕事があっ方がいいと思うんだが。
ヒントを得て、探索・発見し、自分で次へ進むのではなく、「次はココです」「はいコチラです」と案内されながら進めるゲーム・・・。
レベルも上がりやすく、ジムリーダー達もハッキリいって弱い。
女の子がかわいい。
キャンプでカレーを食べる表情は激カワである。",0,2019/11/30 16:57:00,2019/11/30 16:57:00
33,5,2,92,普通に面白い,"ダイパ以来ですがとても面白かったです！
おしゃれを楽しんだり3dになってるのがすごかったです！
レイドを回るのが楽しいです笑笑",0,2019/11/30 16:57:00,2019/11/30 16:57:00
34,6,2,74,クリスタル以来のポケモン,"ポケモンクリスタルを最後にずっとポケモンから離れていました。周りにシールドをしていた方がいて、聞いていたら面白そうだなと思い、正月も暇だし暇つぶしにもなると思い十数年ぶりにポケモン始めました。
微かに知っているポケモンはいましたがほぼほぼ初見ポケモンで知らないタイプのポケモンもいて相性など何がいいのかと考えながらも、いがいとサクサク進みます。迷子にもならないし技もだいたい分かってきて楽しいです。
ワイルドエリアというものがとても新鮮でした。まだ進めてる途中なのですが結構満足しています。
厳選とかはちょっとまだしていませんがオンライン登録(月額)をしたら知らない人とランダムで交換できたりもするのでつい登録しましたがお金かけるのはちょっとな、と思っていましたが試しにしてみたら十分満足できました。",0,2019/11/30 16:57:00,2019/11/30 16:57:00
35,7,2,74,大人の初めてポケモン。おもしろいです！,"ポケモンが流行った頃に乗れず、今までは（知ってはいるけど...）でした。
なので子供のゲーム・コンテンツだと思っていたのですが
友人から「キバナさんっていうカッコイイ人がいるからぜひ！！」と力強く勧められ買うことに。
結果からいいますと、とても楽しめてます。
知識ゼロでもとりあえずレベルを上げれば勝てますし、うっかり強いポケモンにぶつかってしまってもピッピ人形なるものを投げれば100％逃げられるので安心です。
弟が生贄になったとか夢で監獄に囚われたとか配達しないと死ぬみたいな理由がなくても冒険できるんだなァと思いながらワイルドエリアを爆走しています。
ゲームのはしばしに見られる、子供は守られるもので大人がしっかりサポートするよ、というメッセージ性も改めてそうだねぇそれが本来のすがただねぇと思ったり。
先日は初めてのナックルシティでやっと例の「キバナ氏」に会えまして、
（お噂はかねがね～）と思いながら相対したのですが、
ニコッと笑ってくれるワイルドみがあるお兄さんでして、
10才少女視点で（おぉわかるぞ友人！）といろんな角度から観察してしまいました。
ところでポケモンはいつもコドモが主人公のようなのですが、
オトナが主人公になるシリアスな作品もやってみたいです。",0,2019/11/30 16:57:00,2019/11/30 16:57:00
36,8,2,64,即日配達,"子供用に購入しました。
ダウンロード版よりも安く、注文した翌日に到着しており満足です。",0,2019/11/30 16:57:00,2019/11/30 16:57:00
37,9,2,70,久しぶりにプレイしても楽しめる,"学生時代にダイヤモンドをプレイしたのを最後にしばらくシリーズから遠ざかっていましたが、今回は色々と話題になっていたので久しぶりにプレイしてみることにしました。

結論から言うとすごく面白かったです。
何よりも魅力的なキャラが非常に多いのが素晴らしい。
戦闘も自分が最後にプレイしたダイヤモンドは凄くもっさりしていた気がしたんですが、サクサク進んでストレスフリーでプレイできました。
キャンプでポケモンと触れ合えるのも良かったです。
しばらくぶりにプレイされるという方には是非オススメしたいです。",0,2019/11/30 16:57:00,2019/11/30 16:57:00
38,10,2,72,バーチャルぷち世界旅行へ出発,"建物や景色が綺麗でとても好きでした。世界観も作り込まれていて非日常感が好きな私はグッとひきこまれました。
人物もポケモンもキャラが多彩で、１つは何かお気に入りが見つかる作品。ルビーサファイアぶりにポケモンをやったけれど、新しいポケモンが出てくるとワクワクします。買う前に映像を見てダイマックス？派手だなぁいらないなぁと思っていたけれど、実際やってみると派手なアクションが結構スカッとして楽しい楽しい。
ジムリーダーや、他の登場人物のモーション１つ１つがそれぞれの性格に合わせて作られていて愛着湧きました。
ピカチュウとイーブイだけ鳴き声やモーションに気合入ってて面白かった笑
ソードだけ買ったけれど、ネット通信交換でシールドだけのキャラや、最初の御三家がもらえたりするので(もちろん運だけれど)、それも嬉しかった。",0,2019/11/30 16:57:00,2019/11/30 16:57:00
39,11,2,76,やって損はない,批判レビューが多くて買うのを躊躇ったのですがポケモン赤緑から全作プレイしてるのもあり思い切って買ってみたらとても面白くて年末年始かじり付きっぱなしでした。まぁ確かにポケモンのデザインはちょっと…というのもありますが、個人的には今作はポケモンより人物に魅力があってとても楽しかったです。戦闘BGMが良い物が多く、グラフィックも綺麗だしキョダイマックスもカッコよくて良い。今はとにかくDLCが待ち遠しい！！,0,2019/11/30 16:57:00,2019/11/30 16:57:00
40,2,3,94,JRPGの最高峰、最高到達点(だと思う)。やっぱり日本人は洋ゲーよりJRPG！,"JRPGの最高峰、最高到達点(だと思う)。やっぱり日本人は洋ゲーよりJRPG！
まだ10時間ほどのプレーですが楽しい、ボリュームも相当ありそうなのがわかります
liteが買えたら、もうずっと遊んでられそうな気もします
なんといっても、ちまちまキャラを育てるのが楽しすぎる
おーぷんわーるど？なんじゃい、それｗクッソ面白くもない自由度ｗやキャラ全員ゴリラなんかいらんわい
やっぱり日本人、JRPGが好き。任天堂が好き",0,2020/01/02 02:10:00,2020/01/02 02:10:00
41,3,3,83,面白い、美しい、盛り上がる、最高,"正直面白すぎて震えてます。
戦略シミュレーションはもちろん面白いですよ。
けど、ストーリーが秀逸すぎる。士官学校編と戦争編の2部構成になっており、ほんっっとうに面白い！そこらへんのRPGのストーリーより秀逸です。

士官学校編はかなり自由にプレイができ、教師としての生徒の成長の喜びを感じられ、自分も上手い具合に鍛練したり、また、気に入った生徒をお茶会に誘ったり、充実した生活を組み込めます。
戦争編は今までのシリーズのシミュレーションの面白さにさらに盛り上がりが用意されており、鳥肌が立ちました。

総評としては、これは傑作ですよ。
今夏トップクラスに面白い！待っていた甲斐があった！",0,2020/01/02 02:10:00,2020/01/02 02:10:00
42,4,3,53,重厚なストーリー,"ファイアーエムブレム最新作が
switchで発売しました！
最近はずっと携帯ゲーム機でしか発売されておらず、
家庭用ゲーム機としての発売は
2007年にWiiで発売された「暁の女神」以来、
12年ぶりとなります。

それだけあって、
3DSで発売された前作と比較すると、
グラフィックが格段に綺麗になっており、
ファイアーエムブレムの進化が感じられます。

ストーリーは
やはりファイアーエムブレムだけあって
個性溢れるキャラクター達が多く存在し
熱いドラマを繰り広げます。
しかも、２部構成というのが素敵です。

また、選んだ学級によってシナリオが分岐する為、
他の学級では、どんなドラマが繰り広げられるのか
気になってしょうがないです！

周回プレイでも楽しませてくれるところは、
流石ファイアーエムブレムと言わざるを得ないでしょう。
この時間泥棒め！",0,2020/01/02 02:10:00,2020/01/02 02:10:00
43,5,3,4,面白い！,"まずシリーズ最高傑作と言って過言ではない完成度になっています。
このゲームの良い点と特徴を述べます。
・グラフィックが良い。
・音楽が良い。
・ストーリーが素晴らしい。
・先の展開が気になる。
・キャラクターに感情移入できる。
・長く楽しめそう。
・ユニットの育成が面白い。
・戦闘が楽しい。
・騎士団ギルドで兵を雇い成長させる事ができる。
特徴：ユニットの育成に関わる重要な要素としてスキルが存在します。
スキルには大きく分けて3種類あります。
・個人スキル：ユニット毎に最初から設定されている固有スキル。
・兵種スキル：兵種毎に設定されている固有スキル。
・技能スキル：技能レベルに応じて覚えるスキル。
覚えた技能スキルは好きなものを最大5つセットできます。
役割や現在の兵種に合ったものを選ぶと良いでしょう。
又このゲームの攻略の鍵は技能、戦技、計略です。
・計略とは：騎士団を雇っているユニットを使用できる。
　　　　　　敵を攻撃するものだけでなく、味方をサポートするもの等、
　　　　　　多彩な計略があります。敵を攻撃する計略は反撃を受けないという
　　　　　　特徴と複数の敵を同時に攻撃できるという特徴があります。
　　　　　　この戦略は戦況を一変させる事が可能です。",0,2020/01/02 02:10:00,2020/01/02 02:10:00
44,6,3,36,FE史上最高傑作(全ルートクリア後追記) ※追加要素・DLCについては一番下に追記,"FC初代からやってます。
めちゃくちゃ面白すぎて3ルートクリアまで突っ走りました!!
烈火聖戦より面白いFEなんてもう出ないだろうと思っていましたが、風花雪月は凄いです!!
戦闘と1つのルートはFEしてますが、新しい要素も盛り込まれて、多くの方が楽しめるFEになっていると思います。
先入観を捨てて、楽しんでみてください！",0,2020/01/02 02:10:00,2020/01/02 02:10:00
45,7,3,63,クリア済み内容追記。やっぱり良作でした！,"FE歴は初代発売時期からで、シリーズ全てクリア済みです。（無双やリメイク含む）

まだ怪し気なレビューが多いので、プレイ時間15時間程度ですが所感を記載。

まず、ストーリーですがですが今の所ifより格段に良いです。まだ学園段階（月末課題4つ目）なのでEchoesより戦争感は少ないものの、ifの無理矢理感は少なくキャラクターも比較的色物が少なく許容範囲内。まぁ、選んだのは比較的真面目なキャラが多そうな金髪王子だったせいもあるかも知れませんが、その王子も予想より好青年です。（ちょい影があるので変化するかもしれません。）

また今作はパート的にバトルパートと学園パートに分けられますが、学園パートは主に技能面（武器レベルなど）と好感度を上げるパートなので、面倒くさい人は飛ばす選択もありかと思います。（スキップ可能、フリーバトルも選べるので戦力不足にはなりません。）
あの、ナデナデモードもお茶会の見つめる程度にやや緩和。これもif以上に重要度は下がっているので私はほとんど使ってません。

全体的に学園パートは、全てこなすとダレますが、まぁ許容範囲内。人によっては好きなのかも知れません。",0,2020/01/02 02:10:00,2020/01/02 02:10:00
46,8,3,8,シリーズ初プレイでもハマれる面白さ,"シリーズ初プレイの者です。
初プレイにも優しいゲームバランスになっていて、プレイにストレスはありません。
1つの学級辺り完結まで80時間の大ボリュームらしいです(これは驚きでした。。)
少しだけ内容について述べます。
今作は2部構成になっていて、3つの学級(国)から1つの学級を選択してプレイします。
学級毎で能力のバランスはほぼ均衡してるらしいので、好きなキャラがいる学級を選んでプレイしても問題ないそうです！
他の学級に好きなキャラがまだいる場合でも、スカウトというシステムがあるので自分の学級に入れることが出来るのも良いですね♪
戦闘も育成も面白い本作、購入するか迷ってる方、是非買ってみてください！
自分みたいに初プレイの方にもおすすめのゲームです。",0,2020/01/02 02:10:00,2020/01/02 02:10:00
47,9,3,46,すげぇわ…時間足りない。,"この先、これがシュミレーションRPGの柱になるべきじゃないかと、切に思う。
たしかに荒削りな部分、もうちょっとこうだったら、と思う部分もある事はある。
だが、Switchというハード性能やカードそのものの容量などを考慮し、更に携帯できると言う事実を加えると、

“全然良いじゃん”が、素直な感想。

学園パート、戦争パートに分かれているのもいざやってみると、そうゆうことか、すげーわ、と思った。
同じ学校で過ごした友達と、大人になって殺し合いをする事になる。
簡単に言うとこうゆう事だけど、一手の重みが今までのFEの比じゃない。
ここでAを押したら…こいつは死ぬんだ…
でも…やるしかないんだ…！！

ここまでの心理的没入感はそうそう味わえるものではない。

じっくり腰を据えても、携帯モードでサクッとやっても、このジャンルという事もあり疲れないしずっとやってられる。
プレイ時間のところが“000”時間から始まっていて、そんなに何百時間もやらねぇよwwせいぜい5、60時間だわwwと開始直後は思っていたが、今は額を床に擦り付けてごめんなさいと言いたい気分。

学園パートがめんどう、武器の選択がどうという意見も散見するが、“選択することを楽しむゲーム”だと言うことを調べずに買ったのではないか？
むしろどんなゲームだと思っていたのか、かなり気になる。
小説を買って“活字しかないからつまらん”と言っているような事ではないだろうか。
だったら最初から漫画を買ってくださいと言える。

じっくり、考え、選び、結末を受け入れる。

この工程を楽しいと感じられれば、プレイ時間が3桁になるのもあっという間だろう。

シュミレーションRPGの新たな没入感を提供してくれたこの作品に賞賛を送りたい。",0,2020/01/02 02:10:00,2020/01/02 02:10:00
48,10,3,58,難易度ルナティック追加で更に難しく、そして面白く,"FEシリーズは今作初めて買いましたが、
キャラクター、ストーリー、ゲームの仕組み、音楽、アートワーク、
全てが魅力的だと感じました。

ボリュームも申し分無しです。いや、むしろ今までプレイしたゲームの中でも最大級のボリュームです。",0,2020/01/02 02:10:00,2020/01/02 02:10:00
49,11,3,20,神ゲー,"私は数数多のゲームをプレーしてきましたがこれ程洗練された没入感の強いゲームは初めてです。
レベリングはそれほど苦労もないので推奨レベルより少し高めた主人公で単騎駆、俺ﾂｴｰ状態を味わえます。
それではまたどっぷりゲームの世界に浸かってストレス解消してきます。",0,2020/01/02 02:10:00,2020/01/02 02:10:00
50,2,4,28,ドラクエ11完全版！！,"プレステ4版の11が可哀想になるほどswitch版のほうが圧倒的上位版で完全版です。

まず3Dモードと2Dモードの切り換えができる神使用で、昔なつかしの2Dで旅できるのはドラクエファンには堪らないです！
また、主人公以外のメインキャラが主人公として描かれるストーリーも追加されカミュなどのキャラの深堀ができます。
そして、豪華声優によるフルボイス化で、それもONOFFできるというナイスシステム！

極めつけは復活の呪文が使えることができ、さまざまなシチュエーションを好きな時に楽しめるのでは？！

総評としては、もう文句のつけようがないw
隠しボスも追加されているようなので、やりごたえ満点全てがドラクエファンの期待に添えていると思う！",0,2020/01/02 02:10:00,2020/01/02 02:10:00
51,3,4,83,王道のJRPG,ドラクエは8までしか遊んでなかったので新作をプレイするのは随分離れているのですが、良い意味で芯の変わらないゲームだなと思いました。地元の商店街的安心感があるとでもいうか。時代の流れに左右されない、古典的なJRPGの王道を歩み続けているといえましょう。そこがFFなどと比べて国際的な評価の低い一因なのかもしれませんが、世界標準に沿わずにあくまでも日本人に向けたドメスティックな表現のゲームがあってもいいんじゃないでしょうか。前述のように旧バージョンをプレイしていないので既に遊んでいる人が追加要素などの為にこのSwitch版を改めて購入する必要があるのかはわかりかねますが、しっかりと練られたストーリー、個性豊かなキャラクター達、やりこみ要素なども含め、じっくりと遊んでいけるRPGではないかと思われました。御三家が揃ってのドラクエもおそらくはこれが最後でしょうから。一人で長く遊べるゲームがまだ多く普及しているとは言い難いSwitchというハードにとっても有り難い一本ではないでしょうかね。,0,2020/01/02 02:10:00,2020/01/02 02:10:00
52,4,4,16,2Dモードはイージーモード,"PS４版で最後までクリア済み。2Dモード目当てで買って今はまだ最初の仲間集めの途中だけど、これだけはいえる。２Dモードはイージーモード。笑えるくらい簡単になった。

３Dから２Dになると、まずマップがすごく狭くなる。その結果、ダンジョンクリアやマップ移動の時間・敵エンカウント数が激減してMPにものすごく余裕がある状態になる。あと立体から平面になることで、ルートやギミックの把握がものすごく簡単になる。結果、PS４でやったときの半分以下の時間で進めるようになった。一度クリアしているというのを差し引いても本当に簡単。

最後に評価だけどPS４と同じ星５。というのも現在まででPS４版との差異は特にない。しかしさらに進めると結婚イベントなどの追加要素があることを考えると、PS４版より評価が高くなりこそすれ低くなることはないから最高評価にした。なおクリア後もこの感想に変わり無し。",0,2020/01/02 02:10:00,2020/01/02 02:10:00
53,5,4,95,ハードの垣根を超えて楽しめる大傑作,"PS4では３Dモードだけでしたが、Switch版は3DSの２Dモードでも遊ぶことができます。
（モードの切り替えは任意に可能です）

３Ｄモードは『空と海と大地と呪われし姫君』のように最新作感覚のドラクエを楽しめますが、
２Ｄモードには昔懐かしのドラクエの良さがあり、PS4をやったけれど3DSは未プレイ
という方にぜひお奨めします。私は初めは３Ｄ派だったのですが、実際にやってみて
そんな派閥はどうでも良くなりました。

上記以外にもPS4から追加された様々な点がありますが、目立ったのがボイス採用と
追加ストーリーです。特にセーニャ役の雨宮天さんの声が透き通ってて綺麗だなと思いました。
ドラクエの戦闘に声が加わるとこんなに賑やかになるんだなと思い、新鮮な感じです。

追加ストーリーがいつどのように発生するか述べるとネタバレになるので言いませんが、
パーティーメンバーそれぞれがどんな活躍をしていたのか、楽しみの１つです。

オーケストラ音源が良いです。これまでのシンセサイザー（電子っぽい音）と違い、
音に重みがあります。作中に色々な音楽が出ますので、それぞれどのように変わったのか
聴く楽しみもあります。

PS4を既にプレイ済みで、最初からまたやり直すのはと思う方、ふっかつのじゅもんが
ハードを超えて連携してますので、完全には一致しないですが、同じぐらいの進行度、
同じぐらいの強さでSwitchで再開することができます（もちろん3DSのもです）。

もうクリアー済みだから、ふっかつのじゅもんで同期してもあまり意味がないのでは
と思うかもしれませんが、強力なボスが追加されていますので、まだまだ楽しめます。
そのボスに立ち向えば『Ｓ』の様々な追加要素を体験できますので、最初から
やり直そうかな、と思うかもしれません。（私はそう思った次第です）

最後に、数少ない方々だと思いますが、Switchを持っていて『１１』を未プレイの方、
『ドラゴンクエスト11【Ｓ】』をプレイする為にSwitchを買ってて良かった！
そう思えるほど面白いソフトです。お奨めします。",0,2020/01/02 02:10:00,2020/01/02 02:10:00
54,6,4,23,100点満点のゲームが200点になった,"ドラクエ11はプレイ済ですが「ボイスの追加」「サイドストーリーの追加」「裏ボスの追加」を体験したくて堪らず購入
やはりボイスが入るだけで臨場感が違う、魅力的なキャラクター達がより一層魅力的になっています
その他にも追加要素盛りだくさんで、とても豪華だと思います

ドラクエシリーズを初めてプレイする人は勿論、ドラクエ11を既にプレイしてる人にもオススメのソフトです
今まで5が最高傑作だと考えていましたが、その考えを改める必要があるかもしれません！",0,2020/01/02 02:10:00,2020/01/02 02:10:00
55,7,4,40,ボイスの追加その他色々,"DQでボイスはどうかなー
と思っていたのですが
実にすんなり入ってきてビックリしました
こいつは声優違うんじゃないかと思う時もありますが上々の出来
バトルに声が入ってるだけでテンション上がります
カミュの捨て台詞カッコいいです！
2Dモードもやったことなかったんですがなかなか楽しい
バトルのテンポ高速化やダッシュ機能の追加などで遊びやすくなっています
見た目装備も良い
マルティナ姉さんにバニーを強いるプレイスタイルになってしまった笑
ストーリーも王道ですしこの辺は文句ないですね
致命的なバグが起こらないことを願うばかりです
ボス追加も今から楽しみで仕方ありません
秋の夜長にどうでしょうか",0,2020/01/02 02:10:00,2020/01/02 02:10:00
56,8,4,94,新ストーリー追加で帰ってきた！,"各キャラのストーリーが追加され戦闘も早く出来るようになり便利性が増してとてもやりやすくなってます。
元々11してた人もふっかつのじゅもんで同じところから出来てすぐに新しい事が出来るので元から持ってる人にもおすすめです。3dsに比べて画質が良いのでとても見やすくておすすめです。
ドラクエのリメイクはたくさんありますがどれもいい感じにリメイクされており11も早いですがとても良くリメイクされています。",0,2020/01/02 02:10:00,2020/01/02 02:10:00
57,9,4,98,子供にもオススメ,"面白いです！
３ds版を途中までやってやめてしまい、スイッチ版を買いまたやりました。
同じストーリーなのにこうも違うものか。と感じました。

ボイスの効果がいい意味で半端ないです。
私はボイスはついててもセリフ読み進め中に全部は聞かず飛ばしがちですが、ちゃんとイベントはボイス完備でストーリーに引き込まれます。
あと戦闘のボイスが最高です。
戦闘の掛け合いでみんなの仲の良さみたいのが引き立つ感じがしました。

キャラのスキル振りも楽しいし、ストーリーも先がきになるし、時間泥棒です。
",0,2020/01/02 02:10:00,2020/01/02 02:10:00
58,10,4,52,まずは体験版を！,"気になってたので発売日前から体験版が
できるということでダウンロード。
私はドラクエ5以降プレイをしていなく
3Dになったり不安でしたが
ドラクエのベースに変わりはなく嬉しい限り！
体験版クリアするのに約7時間掛かりました！
しっかり遊べるボリュームです。
11を買うか少し迷ってましたが体験版を
やってみて購入を決めました。
ちなみに体験版のデータはそのまま
製品版でも使えるのでご安心を。",0,2020/01/02 02:10:00,2020/01/02 02:10:00
59,11,4,25,ドラクエで泣いたのなんか初めてだよ！,"ドラクエ11はストーリーが非常にいいと思う。ｓｗｉｔｃｈ版はキャラクターに声がついて、
感動的な王道ストーリーがさらに彩られている。もう序盤の辺りでウルっと来ましたよ。
さらにラスボスを倒した後にさらに物語が続いて、サブタイトルの意味が判明する展開も見事。
仲間キャラクターの一人一人に見せ場があるし、今作の仲間たちは個人的に歴代ドラクエ作品でも
かなり思い入れがある。ＯＰムービーの出来は本当に素晴らしいと思う、今作の発売前も後も何回動画を見たか知れない。

Ｓの追加要素と言えば、ＰＳ4版と3ＤＳ版の切り替えやおしゃれ装備の追加、さらなる裏ボスの追加、その他ストーリーの追加。前作で賛否両論だった結婚相手の多様化(同棲相手？)などがある。すでにプレイしたことがある人にとっては購入するかは本作への思い入れ次第だと思うけど、
11を未プレイのドラクエファン(特にロトシリーズ)やまだドラクエをプレイしたことがない人は、ぜひともプレイしてもらいたい名作である。

あと、声優さんがちょっとやりすぎなくらい豪華。
中尾隆聖、若本規夫、小西克幸を中ボスとか、一瞬しか出ないオカマとかで使い切ってるのが
信じられない。流石ドラクエと言わざる負えない。
あとアーウィン役の堀内賢雄が非常にいい演技をされていました。麦人さんや堀内さんのおかげでユグノア関係の
イベントがとても感動的でドラマチックなものに出来上がっていたと思います。",0,2020/01/02 02:10:00,2020/01/02 02:10:00
60,2,5,9,スマブラやスプラ2でカサカサになったあなたへ,"ビルダーズ1はPS4でほぼトロフィーコンプレート。100時間はやりました。その上でまだ序盤ですが段階的にレビューを。

結論的には、スマブラやスプラ2など対戦ゲームでイライラカサカサになった人の癒しには最適でしょう。
マインクラフト的に作って楽しむ、というよりドラクエのストーリー性にビルド要素を上手くのせた感じ。だからマイクラのように「作ったけどなんなの？」ということはない。
当方アラフォーですがハマりまくり。

◯良い点
・前作の面倒臭い点をおおむね一層できていて正当な進化。
・特に設計図さえ与えておけば村人が勝手に大規模建築をしてくれる、というのは大正解！これ考えたの誰だよ…ってくらい素晴らしい。これで手軽に大規模な建物が楽しめる。
・戦闘が楽しい！前作は罠さえ仕掛けておけば「あれ？おわったの？」となるけど、今回は罠の必要性はありながら全員でバタバタと戦いに行くのが楽しい！
・ダッシュが快適。かなりジャンプするし戦闘で撹乱させることもできる。もう無いと楽しめないくらい。
・ハンマーと武器を入れ換えなくてよいようにボタンが両立でスムーズ。また武器で壊せないサンドブロックが多くなり、街の戦闘で不要に壊したりしづらくなった。
・スキップトラベルポイントが拡充。しかもキメラの翼は不要で何回でも無料できる
・夜間限定のモンスターが弱体化、かつワープも少なくなり面倒臭さが軽減

×悪いところ
・ハンマーや持ち運び切り替えのためのAボタン利用。そもそもドラクエにおいてAボタンは「何も無いときは無反応」であったはず。これだけはうっかり仲間に話しかけてしまったり、オブジェクトに触ってしまったりと本当に面倒臭くてイライラさせられる。
・エンディング後の情報があまりにも足りない。それまでがサクサクとヒントを与えられながらスムーズに進む反面、やり込み要素は多そうであるものの情報がまるで足りなくてその意外さに驚かされる。
・ラスボスの楽しさは前作の方が上かも。やや単純。
・画像の綺麗さを検証したところswitch版もPS4版もさほど変わりはないけど、カメラを回転させたときのカクつきはけっこう違う。慣れればさほどでもない程度だが。
・ただし物語後半のある全員参加イベントでは、あまりにもカクつきてゲームにならないくらいだったので改善してほしい！楽園のような幻につながるあの洞窟。
・本作は低年齢化を目指してるのか、ストーリーがコロコロコミックみたい。
・序盤イベントの大詰め、「大農園の道」は明らかに特定アイテムの取得率が悪すぎて突然進行しなくなる。",0,2020/01/02 02:10:00,2020/01/02 02:10:00
61,3,5,46,今度は最後までやります！,"1もプレイしましたが、1の、「章ごとに一から街をやり直し」に飽きてしまい、2章でやめてしまいました。
フリービルドもやってません。
2は、話が進んでも、一つの島を発展させていくことができ、お話と一緒にフリービルドを楽しむ設定で、建築についても、上手な人が作った建物を真似ることができるシステムがあるので嬉しいです！
まず間違いなく、1より楽しいと思います！",0,2020/01/02 02:10:00,2020/01/02 02:10:00
62,4,5,42,個人的にはゼルダBOWと同等の傑作,"前作はデモ版をプレーしたのみで、本作はデモ版をプレーした後に「まぁまぁ面白いかな」と思う程度だったが、デモ版後の本編はデモ版とは比較にならないくらいガチで面白かったw。

正直、本作にあまり大きな期待をしていなかったのだが、本作の抜群の出来の良さに良い意味で驚かされている。個人的には、これまでのドラクエ全作品の中でも一番面白く、ゼルダBOWと同等の傑作だと思っている。私の進行度は、モンゾーラ島、オッカムル島をクリアした程度だが、ミッションで建築物を建てる以外に、自分の好みでプラスαの建築物を勝手に建て増して行くのが楽し過ぎてヤバいw。また、各ミッションでは、ミッション毎に目的地が明示され、アドバイス&ヒントを適宜得られる親切設計な為、次に何をやったら良いか分からずにゲームの進行が滞ってしまうことがない点は非常に有難い。勿論、お馴染みのモンスターたちを倒して行くアクションRPGの要素もバランスがすごく良く◎だし、ゼルダBOWなどにも通じるパズルの謎解き要素もすごく楽しい♫

かなりピッキーになって重箱の隅をつつくように難癖を付けようと思えば、「PS4に比べて画質が劣る」とか「たまにカクつく」だとかetc、いくらでも文句を付けられるし、そういう点にのみフォーカスした低評価レビューも散見されるが、それらは本作を楽しむ上で1ミリも重要ではない為、完全に無視してしまって構わないだろうw。私は、Switch版の本作を何の問題もなく最高に楽しんでいる。

敢えて無視できない欠点を挙げるとすれば、予期せぬバグが発生して進行不能になることが稀にあることだろうか（※【軽度のネタバレ注意】→私の場合、モンゾーラ島をクリアした後の、からっぽ島の最初の部分のルルについて行くイベントで、少しだけ時間をかけて周囲の素材を集めて寄り道していたら、目的地にルルの姿がどこにもなく、そこから進行不能になってしまった。幸い、そのイベ前のセーブデータがあった為事なきを得たが..）。

以上を踏まえて、私の評価だが、（前述のようなバグは稀であるし小まめにセーブすれば概ね防げる上、そういったバグも今後のアップデートで解消されると期待して..）ゼルダBOWと同等の完璧な星×5つとさせて頂きたい。本当に、購入して大正解だった。2018年のラストにSwitchでプレーするに値するゼルダBOWと同等の最高のゲームが発売されたことを喜んでいるし、このボリューム&この内容で7,000円ほどの価格は大バーゲンだと思っている。ただ、この手のゲームに向かない人もいるだろうから、先ずはデモ版をプレーしてみると良いかと思う。

因みに、私はドラクエビルダー初心者で、勝手の分からない新ジャンルのゲーム内のルールをアレコレと覚えるのを億劫に思うタイプだが、本作は、本編内のチュートリアル的なミッションをひとつひとつこなすうちに難なく基本的なシステム&建築物の建て方を理解でき、問題なくドラクエビルダーの世界に入って行けた。（私のような初心者を含む）プレーヤーを巧みにリードして、プレーヤーに基本的なシステム&建築物の建て方をごくごく自然にマスターさせるとは、製作者のセンスの良さが窺われる。",0,2020/01/02 02:10:00,2020/01/02 02:10:00
63,5,5,77,前作より楽しい、NPCとの共存感が面白い,"NPCと共存出来るこのシステムだけでも楽し過ぎます。
進めば進むほど前作以上に出来ることがどんどん増えていき、何をすれば良いかクエスト位置も表示されるので安心して遊べます。
アイテムの総数も前作の倍。

スイッチ版は30fPSというのは最初から分かっていたので携帯モードでプレイする感においては画面が小さくなる分カクツキは減るので動作は気になりません。
グラフィックに関してもps4とスイッチ、パッと見で分からないくらいしっかり作られていて良いです。
4k60fPSを求めるならps4プロ一択です。
差は遠くに見える景色をどれだけ見渡せるかの違い。
オンライン接続、任天堂なら300円という安さで配信中のレトロゲームも遊べるおまけ付きです。

持ち運びできて快適に遊べているのでかなり満足しています。
ここはこうしてくれるとありがたいなどの気になる点があればアップデートで改善してもらえれば良いかと思います。",0,2020/01/02 02:10:00,2020/01/02 02:10:00
64,6,5,45,マイクラより面白い,簡単に言うとドラクエの世界にマイクラを当てはめたゲームですが、マイクラより全体的に作りが丁寧でRPGとしてもしっかり楽しめます。1の時から楽しかったですが、純粋なパワーアップ版の印象。体験版はswitch、ps4と両方しました。若干ps4のが滑らかに動くような気がしますが並べて比べないと分からないレベルなので、やはりテレビも見ながら出来る快適性を考えswitchにしました。ゲームはめちゃくちゃ面白いです。,0,2020/01/02 02:10:00,2020/01/02 02:10:00
65,7,5,43,ＲＰＧとして楽しめるうえに、マイクラやテラリア的な遊び方もできます,"ミッションの内容が分かりやすく、難易度もそれほど高くないので
小学校低学年の娘でも楽しく遊べています

しっかりRPGとしてのドラクエも楽しめるうえに
マイクラ的な遊び方や、テラリア的な遊び方もできるので
長い間、楽しめそうな予感がします

前作もそうでしたが、
ミッションをクリアしたり、敵を倒したりする一連の流れのなかに
マイクラ的な要素が、上手に加えられているので
「よくできたゲームだな」と感心しています",0,2020/01/02 02:10:00,2020/01/02 02:10:00
66,8,5,53,前作よりも良い意味でハードルが低い,"まだ畑作り始めたくらいですが、とりあえずプレイした感想を書きます。

前作に比べ、今作は部屋の条件もやさしく、設計図で作る場所も指定してくれたりとサクサク進めることができる。
武器とハンマーを使いわけ、物を壊すことなく移動もできるし、ダッシュもでき地味にありがたい。
夜もそんなに暗くないし、シドーも一緒なので前作での村人に言われるがまま一人で冒険する孤独感は無くなった。
ミッションも画面右に書いてあるので忘れることもないし、高低差のダメージも少ない気がする。
武器にゲージがないので使っても壊れないようす。
島を行き来できるようなので、章ごとに一から作るのではなく、一度作った村にまた行くことができるのは嬉しい。

前作の方が色々と面倒な分達成感や緊張感があった。今作は誰でも楽しめる作品になった気がする。
マルチプレイも楽しみ。",0,2020/01/02 02:10:00,2020/01/02 02:10:00
67,9,5,76,作りたいのに・・・・・,"　まだ2章目の感想です。プラモデルやジグソーパズルの様にこつこつとモノを作るのが大好きな50歳半ばのオジンです。体力・集中力ともに衰えてもう対戦ゲームがきついため、ゆったりと長く遊べる前作には大変はまりました。5周しましたし、拠点に城を築き、屋敷や木舟を豪華に移転完成させました。しかし今作は住人(CPU)が勝手にものを作ってしまうので、大変がっかりしました。一般的には、ストーリーを進めたいのにこんな大きなものをちまちま作っていられないということでオートなのでしょうが、私は自分で何時間もかけて作りたかった。出来上がって住人が大変喜んでいますが、私は自分で作っていないので全然喜べませんでした。ものを壊して素材を集めて、何かをこつこつ作るということがとても楽しいことなのに、その楽しみすべてを住人に奪われてしまいました。彼らの食べものも気にする必要があり、面倒です。
　ハンマーは前作のように1個ずつサクサクと壊したかったのに、今作は固いものが多くてまあまあいらつきます。かといって一気にどっかんと壊すのは物足りないのです。
　「作る」が一番好きなのですが、探すミッションがとても多いのも不満です。素材や宝探し中に魔物が襲って来てうっとうしいわけですが、前作と違い一撃で倒せる敵が少ないのもいらつきます。
　前作でうっとうしさNo1のゴーストが少なくなってよかったです。
　なんだかんだと書きましたが、まあストーリーと関係なく自分で好きなものを作ればいいだけの話です。しかしやはりあの大作を「ストーリーの中で」じぶんで作りたかったし、それで街のヒーローになりたかったなー。　これを遊び尽くつのにこれから2年ぐらいかかりそうで、とても楽しみです。",0,2020/01/02 02:10:00,2020/01/02 02:10:00
68,10,5,94,ストーリーも建築も良いところが一杯！！,"最初はSwitchで建築がしたい！！と言う動機からこちらを購入しました。
マイクラと悩みましたが、NPCがいること、ストーリーがあり楽しそうだったことからこちらに決めました。

ビルダーズ2体験版もプレイしてみましたが、体験版がボリュームも多く次はどんな物語になるのかとワクワクさせていただきました。
その続きも気になって購入動機になりました。
ドラゴンクエストビルダーも体験版だけですがやってみたものの、惹かれなかった分、今回シナリオやシステムが改善されていることが高く評価したい部分です。

ストーリーはとても感動させられました。
四つの島を周り、友情を育み、ビルダーとしての技術を学び。
何より相棒のシドーくんがいてくれるのが心強かった。
ストーリーの伏線がいっぱい気づかないうちに散りばめられ、とても良かったです。
ストーリーをクリアーしてもやることはたくさん！！
島を開拓したり、私はそざい島も後回しにしていたので、そざい島で素材をコンプリートしたり。
島の開拓も目標が立ててあって、それをこなしつつ…。
料理にこだわるもよし、畑を作り作物を育むもよし、お城を建築してもよし、バーを作ってもよし、素材を集めながらモンスターを仲間にするのも面白いですよ！
もちろん今まで行った島からお気に入りのNPCを連れてくることも出来ますし(例外はありますが)、ギミックが増えあれやこれやも出来たり。
あとストーリーで一杯一杯だった私はビルダーパズルも解くのに行ってたりします。
最近発売された和風パックも買ってしまいました。
まだ島の開拓であまり触れてませんが、おにぎりがあったり桐ダンス、欄間や玉砂利の床など和風建築したい方にはぴったりだと思います！！
和風パック、お値段以上のボリュームですごく良かったです！
内容がすごく良かったので、5月に予定されている追加DLCも購入したいですね。
至れり尽くせりでやりたいことがいっぱい、それを自由にできることが楽しいです！！

ゼルダの伝説BtoWにハマった方も結構ハマるのではないでしょうか。
ゼルダに建築がついた感じというか。

あんなに毎日やっていたスプラトゥーン2をやらなくなり、めっきりこちらに傾倒しきっております。
時間がどんどん溶けて無くなるので、かなり危険です！！
でもNPCのキャラたちが幸せそうにしているのを見るととても嬉しいです。
島に連れてきた犬や猫達が時々獲物をくれるのも可愛いですよ！
愛着湧きまくりです！！

色々なことができるし、キャラクターも可愛いし。
ドラゴンクエストを知らなくても充分に楽しめると思います！！
(かく言う私もドラゴンクエストはやったことなく、スライムくらいしか知らなかった。)
次にどんなゲームをやろうか考えてる方には是非一度やってほしいです。",0,2020/01/02 02:10:00,2020/01/02 02:10:00
69,11,5,23,前作の改良版で安心して遊べる,"前作ファンには鉄板の出来かなと思いました
1章あたりのイベントが多くてRPG感はグッと増しましたね

最初から好き勝手に作らせるスタイルではなくて
イベントを進めて作れる物が増えていくという
あくまでも正統派RPG的なスタイルにサンドボックスが付随しているゲームです
サクサク進むので止め時が分からない中毒性はより増してます

前作は広めのマップで迷う事もあったのですが
今作ではかなり速いダッシュがあり、ミニマップからイベント先が分かるので
かなり遊びやすくなってます

料理だけはちょっと面倒くさいですね
一つづつしか作れず、待ち時間まで導入されました
それと、ロードがちょっと長めなのだけマイナスでした
ゲームが始まってしまえば問題無いんですけどね",0,2020/01/02 02:10:00,2020/01/02 02:10:00
70,2,6,100,こういうゲームをもっと遊びたい。,"いやあ…
とっても楽しかった！！

クリアしました。初大神です。こんなに面白いゲームがあったんですね。
日本神話を元にした物語で日本各地を旅し、謎を解いたり問題を解決して悪しき敵を倒す、和風アクションアドベンチャーです。

和風ゼルダとも言えるかもしれないのでゼルダが好きな人はとても楽しめると思います。
と言ってもゼルダとは似てるようで全然違う様々なアクションや物語が楽しめます。
筆を使ったアクションで木に花を咲かせたり、風を操ったり、橋を造ったり、とにかくめちゃくちゃ爽快です。
敵との戦いにも筆の使い方が重要なものになっています。
筆を使って色々な事を解決していくのはとても楽しかった。

敵の妖怪も種類が豊富で出会うのも戦うのも苦痛じゃなく楽しめました。
ストーリーに何度も詰まったり敵が理不尽に強すぎるなんて事も無く、
快適にゲームを進められるのもいいですね。

そして何よりビジュアルと物語と音楽が素晴らしいですね。
日本画のような墨で描かれたビジュアルは鳥居や神社などの和風ととても合っています。
日本神話がそのまま動いているような感じで没入感がすごいです。
そのビジュアルと物語に日本らしい音楽が綺麗に融合して美しいです。

今まで特に関心が無かった日本神話にもとても興味を持ちましたし、
続編がDSで発売されているようですがそれもスイッチで遊びたいなと思いますし、
新作がもし出るなら非常に楽しみ、それくらいもっともっと大神の世界を遊びたいと思いました。

とても素晴らしいゲームでした。",0,2020/01/02 02:10:00,2020/01/02 02:10:00
71,3,6,87,なるほどこれが愛されゲーム！！,何度も移植されリメイクされてるので気になってましたがswitchにきたので早速買いました！感想は、さすが！のひとことです。ストーリー、絵、音楽、操作性、進行のわかりやすさ、戦闘の難易度、ギミック、キャラクター、どれをとっても申し分ない秀作ですね。絵の美しさは画素数じゃないんだなとしみじみ感じました。サブイベントなどは飛ばしてプレイしてしまったので、もう一周してきます。,0,2020/01/02 02:10:00,2020/01/02 02:10:00
72,4,6,68,やりこむほど楽しくなった,"最初はよくわからないままクリア。
2週目はしっかりやり込んでクリアです。
お話の流れのまま、進めるので、景色だけでも十分に楽しめます。
紙芝居のような適当な絵に見えましたが、実際は無茶無茶手が込んでる絵で、やりこむほど、キャラクターの完成度に感心します。
いろんなミニゲームもあり、いろんな部位で真剣に楽しめます。
筆アクションでこんなにも色々な戦いができるとは素晴らしいです。
戦い方が一辺倒じゃないってのも非常にのめりこめるゲームです。",0,2020/01/02 02:10:00,2020/01/02 02:10:00
73,5,6,85,日本らしさをとことん追求した「神」ゲー！,"タイトル通りですが、この作品ほど日本らしさ、日本のゲームという物を追求した作品は数少ないと思います。
海外にも沢山のファンが居るほどの名作なのでこれをプレイしないのは勿体ないと自信を持って言える作品です。

この評価に際して、具体的にどんな部分が素晴らしいかと言うと、まず

・水彩画のようなグラフィックで表現された世界観と和の音楽
まず文句なしにこの作品を象徴する物が、水彩画のようなグラフィックで表現された世界です。
人や動物、物に至るまで全てが水彩画で表現されておりこの世界を歩くだけで面白いと思う人は少なくはありません。それほどに魅力的です

音楽も世界観に浸れる物が多数あり、インパクトは無いもののこの大神というゲームの穏やかさを非常に表現していて素晴らしい曲ばかりです

・筆しらべによるアクションと戦闘システム
またこのゲームならではの要素として筆しらべというシステムがあります。
太陽のように丸をかけば朝になり、壊れた橋に道を描けば橋が元どおりになるなど、自分でその世界に筆を下ろす事で世界に触れる事が出来ます。

また敵キャラクターも赤鬼や青鬼、天邪鬼など妖怪が多種多様に存在しており、主人公の可愛らしい犬「アマテラス」の前に立ち塞がりますがこちらも筆しらべを使い、風のように筆で描けば突風が起こって敵が飛んでいったり、
爆弾のような物を筆で描けば花火爆弾が生み出され爆発して攻撃するなど非常に独特な戦闘を楽しむ事ができます。

・可愛いくもあり味のあるキャラクター達
主人公は上でも挙げましたが、可愛らしい犬の神様「アマテラス」です。
正直犬が好きだと言う方はこの時点で文句なしで買うべきと言ってもいい程可愛いです。一挙一動全てが可愛い...

そしてそんなアマテラスをサポートする一寸法師の「イッスン」や、かつて世界をアマテラスと共に救ったイザナギの末裔だが、酒飲みでやる気のないおっさん「スサノオ」など
その他大勢の魅力的な一味も二味もあるキャラクターが大神の世界をさらに面白くしてくれます。

・ゼルダをリスペクトした謎解き要素
ゼルダ程、難しくはありませんが先ほど説明した筆しらべシステムなどを使った謎解き要素などもあります。
ただ分かりやすい謎解きが多い為子供でもクリアは出来ますし、相棒のキャラクターもヒントを出してくれるので謎解きが苦手だと言う方でも問題なく楽しめると思います。

最後になりますが、
幾度となく大神という作品は移植、リマスターを繰り返してきて今回ついにニンテンドースイッチで「携帯機」で大神を楽しむ事ができます。
勿論タッチ操作にも対応しているので画面に直接、指で触って筆しらべを描く事もでき、まさに大神という作品の決定版であると言えます。

ゼルダの伝説ブレスオブザワイルド風のタクト、ワンダと巨像等のゲームが好きな方には是非とも触れてこの世界を楽しんで頂きたい作品です。
そう心の底から言える「神」ゲーとなっています！",0,2020/01/02 02:10:00,2020/01/02 02:10:00
74,6,6,28,おもしろい,"この値段で、このやりこみ要素、最高でした。
絶景版とのことで、グラフィックが凄かったです。話も面白く、続編を出してほしいと思いました。",0,2020/01/02 02:10:00,2020/01/02 02:10:00
75,7,6,2,アマテラス可愛い,"DSの大神伝をプレイした事があったので買いました。
デザインも世界観もとても好きです。
期待通り面白いし何よりアマテラスが可愛い過ぎる！
犬好きさんにもお勧めです。
ただ、ゲーム音痴には慣れるまでJOY-CONでの筆しらべがちょっと苦労しました。",0,2020/01/02 02:10:00,2020/01/02 02:10:00
76,8,6,26,素晴らしい,さすが何度もリメイクされてるだけあって、文句なしです。アマテラスとの冒険を楽しもう！,0,2020/01/02 02:10:00,2020/01/02 02:10:00
77,9,6,17,満足！,この値段でこのボリューム、とても楽しめました。,0,2020/01/02 02:10:00,2020/01/02 02:10:00
78,10,6,100,いつでもどこでも大神！,"PS2の初代プレイ時より腰を据えてゲームができる時間がとりにくくなったので、携帯機で出来るのは嬉しいです！
何度クリアしてもいくら歳を重ねても「よい！」と思えるゲームです(*'ω｀*)",0,2020/01/02 02:10:00,2020/01/02 02:10:00
79,11,6,37,楽しい❣️,すごく楽しい😄購入してよかったです。アマテラス🐶がすごくかわいいし、花🌸を咲かせたとき一面に広がって行く花々がとても感動的です。,0,2020/01/02 02:10:00,2020/01/02 02:10:00
80,2,7,79,レトロアニメーションを楽しむ高難度アクション,"　１９３０年代のレトロカートゥーンを意識してデザインされたアクションゲームだそうです。ゲーム内のアニメーションはすべて手描きとのことです。昔のアニメのような画面のガタつきや汚れ、にじみの演出などに雰囲気があってたまりません。
　ゲームはボスステージ＋軽いアクションステージでやり込み前提の高難度です。ボスステージはボス戦のみで移動なし、アクションステージはステージ＋弱ボスと明確に分けられていて、ボスと戦うために長いステージをリトライしなければならないストレスはありません。パターンを覚えて対策していく系であって反射速度を要求するものではないので、（自分がそうであるように）アクションが得意でない方も気長にやり込めば十分クリアすることができると思います。一方で、そういった「やり込んで上手くなっていくのを楽しんでね！」というゲームなので高ライフによるゴリ押しといったような救済措置、難易度の極端な易化などは存在しません。詰まることなくさくさくと軽く遊びたいという方には不向きかと思います。
アニメーションのクオリティと雰囲気、ボリュームを考えると２０００円を切る価格はお得です。とても楽しめたゲームです。",0,2020/01/02 02:10:00,2020/01/02 02:10:00
81,3,7,21,激ムズ,"かわいいからって軽いノリで買うと大変なことになります。
私は難し過ぎて全く進められません。",0,2020/01/02 02:10:00,2020/01/02 02:10:00
82,4,7,37,苦にならない死にゲー＝神ゲーの法則,"難易度高めの横スクロールアクションゲーム。
なのだが、このゲームの独自性は下記にある。
●徹底して再現されたカートゥーンレトロのグラフィック＆世界観
このクオリティが秀逸。プレイしていて楽しいしワクワクが止まらない。
●ボス戦がメイン
各ワールドに4～8体のボスがいて、それを全てやっつけると次のワールドに進めるという仕様。ボス以外のステージ（ラン＆ガンという名称）は各ワールドに1～2つしかなく、基本コイン集め（コインで武器などが買える）のためだけにある。
●ストレスフリーのコンティニュー仕様
とにかく難しい。ボスでもラン＆ガンでも死にまくる。人によっちゃ一つのボスだけで何十～百近くまで死ぬかもしれない。でも死んだ時点での「ステージ進捗状況」が分かるようになっていて、ボス撃破まであとどれぐらいだったか把握でき、モチベーションを保てる。またコンティニュー時のロードも皆無でさくさく死んでさくさくやり直せる。何よりボスもステージもレトロカートゥーンのグラや世界観が楽しくって、死んでも嫌にならない。楽しく何度もやり直せる。これすごく高評価ポイント。

とにかく死んで覚えるゲーム。数えきれないほど死ぬが、着実に少しずつ前進してゆく快感がある。苦労して全クリした後に一番最初のボスをやり直してみてノーコンティニューであっさり倒した時の爽快感(笑)　「え？俺こいつに何度もやられたのに。こんなに弱かったのかこいつ！」という快感(笑)

極度にアクションゲームが苦手な人には向かないと思うけど、それなりにゲームをやって来た人であれば問題なく「いつかは」クリアできると思う。
自分の場合は全部通して数時間ぐらいだったかな。やり込み要素もあるので、やろうと思えば何時間でもやり込めると思う。ただし、やり込みモードはより一層鬼畜難易度だが(笑)",0,2020/01/02 02:10:00,2020/01/02 02:10:00
83,5,7,50,ユニークでとても魅力的でした,"正直、最初は難しいという意見を多く聞いていたので、
ゲームが上手いどころか下手だと思ってた自分に出来るのか不安でしたが、
カートゥーンな雰囲気やキャラクターに惹かれてプレイしました。
確かに1発でクリアできるわけではありません。
どの面でもかなりの回数、ゲームオーバーになりました。
でも自分の場合、イライラは全くなくて、むしろ挑戦するごとに
コツを掴んで成長していく楽しさを感じられました。
それと、アニメーションもとてもユニークで、
それを見る楽しみも大きくて、BGMも名曲揃いでした。
確かに難しいかもしれませんが、自分でも最終的には
クリアできたのでいわゆる理不尽な難易度ではないと思います。
もちろん、相性はあるかもしれませんが、
興味があるならぜひ自分の手でプレイして確かめてほしいと感じました。
自分の中では間違いなく最近プレイしたゲームの中で一番楽しめたと断言できる作品です。",0,2020/01/02 02:10:00,2020/01/02 02:10:00
84,6,7,83,ゲーマー向けの骨太タイトルです,Microsoft側で開発した為、Xbox360のみの販売だったこのソフト。任天堂とMicrosoftの提携からSwitchでもまさかの発売が決定！Xbox360発売の頃から難易度の高さは有名でしたが、やはり期待通りの難易度でやり応えあって面白いです。前評判をご存知なければプレイが厳しい人がいても仕方が無いと思いますが、久しぶりに骨太のゲームに出会えて感激です。,0,2020/01/02 02:10:00,2020/01/02 02:10:00
85,7,7,51,遊びにくくつまらない,"HPが少なく敵が固く難易度が高すぎるのは遊びにくいと感じた。
また、ボス戦が多く普通の進んで行くステージが少ないのはつまらないと思った。",0,2020/01/02 02:10:00,2020/01/02 02:10:00
86,2,8,61,約束された面白さ,"３DS版を数百時間やりこみ済みです。３DS版ではディラスと結婚しています。スイッチ版ではアーサーの予定です。

詳しい面白さは３DS版ルーンファクトリー４のレビューを見ればよくわかるとは思います。
いくつか推したいところをあげます。",0,2020/01/02 02:10:00,2020/01/02 02:10:00
87,3,8,29,3DSゲームの『ルーンファクトリー4』のリマスター+色々追加版,"一応Switchで『ルンファクを初めて知る人』向けの紹介レビューです。
『3DS版との違いだけを知りたいカブ奴隷』は最初の『3DSとの違い』だけどうぞ。

ルーンファクトリーは牧場物語に戦闘をプラスしたような『スローライフゲーム』です。
牧場物語しか遊んだ事がない人も、初めて牧場系をプレイする人にも合うゲームです。
『時間泥棒ゲーム』なので、プレイする際はリアル時間にも気を付けましょう。",0,2020/01/02 02:10:00,2020/01/02 02:10:00
88,4,8,15,とにかく面白い！神ゲーです！,"ルーンファクトリー自体このゲームが初めてで、名前は聞いた事あったんですが当時DSをもってなかったため購入を断念してました。

今回switch向けにリメイクされたとの事で一ヶ月前から予約して超楽しみにしてました！

単刀直入に言うと
「神ゲーです！」

多分こういうコツコツやる系のゲームって好き嫌い別れるかもしれないんですけど、ハマる人はヤバいくらいハマると思います。

植物を育て、モンスターを狩り、合成してより便利な道具を作り、さらに高価な植物を育てて防具を強くしていく
そして恋愛要素もあり、と色んなヨウ素が丁度よく混ぜ合わさっており本当に面白いです。

全ての行動に意味があり、時間が無駄にならないのもノンストレスで素晴らしいです。よく考えられて作られたんだと関心するばかりです。

グラフィック面での進化は携帯機でのルーンファクトリー4をやってないので分からないのですが、まぁもとがDSならこんなものだろうと思います。",0,2020/01/02 02:10:00,2020/01/02 02:10:00
89,5,8,85,ほのぼのしてずっと遊べるって最高,"元々は3DSだったが、switchにパワーアップして帰ってきたゲームです。

個人的に自由に料理ができるゲームは大胆神ゲームだと思ってますが、バトルはもちろん、ドラクエ5のように結婚できちゃうのは神ゲーを超えてます(しかもパートナー候補が多い)。

このゲームのキャラクターボイスを担当した声優は超豪華で、知っている人しかいないが、ボイスコメントが収録されていてこれが面白い、かなり必見な要素です。

総評としては、5でるまでずっと遊んでられます。5との連動もあるそうなので持ってたら有利かも？",0,2020/01/02 02:10:00,2020/01/02 02:10:00
90,6,8,63,これは良い移植,"感想を書いてる時点で、プレイ時間は5時間ぐらいかな。とりあえず、水の遺跡までクリアーしたところです。

『ルーンファクトリー4をHD化するならこうして欲しい！』って希望がほとんど叶いました。マップ画面やアイテムの説明など、元々2画面使っていたゲームを、うまく1画面にアレンジしてあります。

ゲームが始まってしまえばロードらしいロードはほとんど無し。さくさく進みます。キャラの立ち絵がHDになっただけでも、なんだか印象が変わって良い感じ。

5も楽しみです。",0,2020/01/02 02:10:00,2020/01/02 02:10:00
91,7,8,48,面白すぎて寝不足です,"ルーンファクトリーは３のみプレイ済みです。
今やっと夏になりました。ストーリー面白いですね。
発売日に購入してからずっと遊びまくってますが、大きな不満点もなく楽しいです。
ロードは短く、UIも洗練されていて使いやすいのでストレスが少なめです。
序盤のゲームバランスもいい感じです。
お金が余ることもなく、かといって極度に貧困にもならず、敵もほどほどの強さ(難易度ノーマル)です。
キャラクターが可愛いので結婚相手誰にするか決められない…。
しいて難点を言えば、私が怖がりのため、とあるダンジョンでビビりまくって辛かったです。笑
世界観的にあの怖さはおかしい！笑",0,2020/01/02 02:10:00,2020/01/02 02:10:00
92,8,8,98,ハック&スラッシュ、RPGとして非常に楽しめます,"今まで牧場物語系は何作かプレイしてきていました。ルーンファクトリー系はこれが初めてです。
ハック&スラッシュ、RPGとしては非常に良く出来ており、武器を鍛え防具を鍛え、新しい武器を使う時の好奇心等、とても満足出来ています。
恋愛やイベントの量も膨大で、プレイしていて飽きる事も無く、目に見えるような悪役、嫌いになるようなキャラが1人も居ないのも特徴かと思えます。
スマホのRPGのような技を連発していれば火力差で勝てるといったことも無く、きちんと意識して動く事が常に戦闘を楽しめるような設計となっています。",0,2020/01/02 02:10:00,2020/01/02 02:10:00
93,9,8,96,買ってよかったです。,"3dsでかなりやり込んでいたので、買うか迷いながらも購入。
ゲームの感想は3dsの方をご覧あれ。
私はレビューしてないが。

とりあえず、画質が良くなってる。
試しにヘルモードにしたら、やばかった。
即病院送り(笑)
サクサク行けるし、セーブやロードが短くなった。
久々にやったけど、やっぱりまたハマりそう。
これは、良いリメイクだ。",0,2020/01/02 02:10:00,2020/01/02 02:10:00
94,10,8,51,名作の良リメイク,"第3部クリアしたんでレビューします
内容は3DS版を参照してもらうとしてリメイクとしてのレビューです

良い点
プロコンなどコントローラー操作可能
ホリ クラシックコントローラー for Nintendo Switchがオート連射機能付きで手を放しても連打し続けてくれるのでオススメ
エスケープの魔法がYとXに振り当てなくてもZRボタンでいつでも出せる
マップはZLで左下に半透明で表示、大・小・無しの3タイプから選べる
新規アニメ新音声が結婚可能キャラ分追加
新婚モードで最初から結婚した状態でスタート可、ただし一度クリアする必要あり
探索レベルバグなど深刻なバグが軒並み修正されている
第3部にすぐに移行可能
新難易度のヘルモード追加

悪い点
グラフィックはかなり綺麗だが大画面で見るとカクカクの３D、ドットで書かれている背景は綺麗
３DS版にあったいくつかのコマンド操作が無くなっている(ソフトリセット、購入の高速化など)
敵を瞬殺出来るかと思えばこちらもあっさりと即死したり、序盤に強すぎる武器が入手可能だったりする大味すぎるバランス調整は３DS版のまま変わらず、これは好みが分かれる部分
若干BL臭いセリフがある(男主人公で男キャラからホワイトデーにプレゼントされる、可愛いと言われ頭を撫でられる等)
リメイクに合わせた追加キャラが居ない、キャラが少ないという批判が多めだったので男女で一人づつ追加して欲しかった",0,2020/01/02 02:10:00,2020/01/02 02:10:00
95,11,8,23,やっぱり最高に楽しい！,3ds版もやり込んでいましたが、待ちに待ったルーンファクトリー5の制作費の足しになればと思い購入しました！本編内容は特に変化はないのですが、ハイグラフィック&大画面になったおかげで、細部まで綺麗に見えて、新しい発見もあって楽しいです(^^)新婚モード全員解放を目標に、5が出るまでにやりこみます！,0,2020/01/02 02:10:00,2020/01/02 02:10:00
96,2,9,14,とにかくキャラクターがかわいいので、小さなお子様でも楽しめそうです,"前作の「ウールワールド」にハマっていたので
発売日を楽しみに待っていました

最初に「パタパタ」を選んで始めれば難易度はかなり低く、
ある程度はフラワーを集める必要はありますが
かなりサクサクと進めますので、
小さなお子様や、あまりゲームが得意でない方でも楽しく遊べると思います。

全ての「さがしもの」を見つけるためには、
かなりの時間と根気が必要になりそうなので
すぐに終わってしまうこともなく、長い期間遊ぶこともできそうで満足しています。

前作の「ヨッシーのウールワールド」と比べると
ウールワールドでは、コントローラー自体を傾けるだけで簡単にたまご投げの方向を決めることができましたが
今作ではカーソル移動させて決めないといけないので、最初は少し操作方法に違和感がありましたが、
少し慣れれば「イケイケ」でも遊べそうです。

また、「パタパタパタ～ン」と空中移動をするとき
ウールワールドでは同じ高さしか移動できなかったので、
どうにもならず、あきらめて自爆するしかない場面がありましたが、

今作では、少しづつ上にあがることができるので
自爆する必要はなさそうなので、よかったです。",0,2020/01/02 02:10:00,2020/01/02 02:10:00
97,3,9,51,映像以外でゲームの進化を感じさせる作品,"おそらく年単位で「映像の綺麗さ以外進化してない」と言われるゲーム業界ですが、キノピオ隊長、スターアライズなど素晴らしい進化を遂げたゲームがたくさん出て、今回のヨッシーも非常に素晴らしいものでした
奥行きを利用した移動、さらに(スーファミのクッパ戦のような)奥まで卵を投げつけることができ、単純な奥手前の移動に留まらない３ｄ的な発想、磁石を利用し空き缶に吐き出すことでのギミックなど可愛さと実用性のある動作、ポチが花を取った際に即アイテム獲得ではなく、ポチがヨッシーにあげる演出など、作品内での工夫は相当なものがあります。
64にて横スクロールではない３ｄ移動が出来るようになりましたが、今回のように単純に「３次元的に動ける」以上に生かしたのは素晴らしいです。
惜しいところでは、時間制限が多い、体力マックスが初見だと難しい、赤コインとの区別が普通にプレイしてたら見分けられない(以前からかなり批判のある箇所です)。いずれもやりこみ要素ではありますが、アクション性よりギミックを売りにした作品のため初回でコンプができず、周回前提の構想はミスマッチになっております",0,2020/01/02 02:10:00,2020/01/02 02:10:00
98,4,9,67,体験版をプレイして一目惚れ！,"音楽やステージのクラフト感など世界観が可愛すぎてゲームをやってるだけで癒されます。

ヨッシーアイランド以来久しぶりのヨッシーゲームでしたが、グラフィックが綺麗でヨッシーが活き活きしてて最高です。

ステージの色んな所を探索しながら隠しコインなどを探しながら進み終始ほのぼのした雰囲気です。

汽車等のギミックも本当に楽しくてキャラを動かしていると『次はどんな仕掛けがあるんだろう？』とワクワクします。

日々の生活で疲れた私にはこの世界観は最高です。

子供や友達と一緒に楽しめるゲームだと思います。
難易度も低めだと思うので色んな方にオススメのソフトだと思います。",0,2020/01/02 02:10:00,2020/01/02 02:10:00
99,5,9,9,久し振りに工作がしたくなる作品,"クラフトワールドというテーマの通り、背景や仕掛けだけでなく敵キャラやヨッシーも全てクラフトデザインである所が可愛らしい。
オモテとウラの世界を行き来するのだが、どちらも遠近感も含めて作り込みが凄い！
ウラの世界はオモテより少し難易度が上がるようになっている上、オモテの仕組みの裏側が見られて面白い。
操作方法（ボタン）の選択が設定出来るのが有り難い。
ここからネタバレ。

やり込み要素として、各ステージにヨッシー着せ替えガチャがある。
コースで獲得したコインでガチャが出来る。
以下、装備と名乗る。
装備は可愛いだけでなく、防御も兼ね備えており、レアアイテムであればある程防御が高くなる。
決められたダメージを超えると装備が外れる。（消える訳では無いのでステージを出たら再設定可能）
レアな装備で行くのか、お気に入りの装備で行くのか。それも楽しみ方の１つ。
苦手な人や子供への救済措置としてパタパタヨッシーモードがある。
コースプレイ中にモード変更可能。
ヨッシーに翼が生え、ボタンを押し続けていればずっと羽ばたく為、奈落の底に落ち難くなる。
子供や女性にも楽しく遊んでもらいたいという意思が伝わってくる作品だ。

新たな楽しみ方として、ゲームをクラフト図鑑としてプレイしながら、工作を楽しむというのも面白いかもしれない。",0,2020/01/02 02:10:00,2020/01/02 02:10:00
100,6,9,27,丁寧な絵作りにかわいすぎる世界観,"収集要素をしつつとりあえず1周クリアした時点でのレビュー
本作の一番の魅力は、やはり作りこまれたクラフト世界での冒険、私達が使ったことのあるようなモノなので構成されたステージの数々、見た目の楽しさが表現が面白さに繋がっている。
2Dアクションであるものの奥行きや手前を行き来したり、それを意識したステージデザインで広さを感じる作り。
クラフトを生かしたギミックの数々は見てて面白いし出し惜しみのない遊びを見せてくれます。
またボス以外のすべてのステージで裏コースがあり、只の逆走ではなくステージをそのままひっくり返し進む、クラフト世界を裏見ることで表では見えない部分が見えて来るのが面白い。裏コースはコポチを3頭集めつつゴールする形式になる。
その他には各ステージ探し物の収集要素が数種類づつあります。
クリア後はこれもボス以外すべてのステージで住民を探す遊びが追加、ボスはノーミス、早撃破、特定の条件を達成などのミッションが追加されやり込み要素も。隠しステージも追加されました。
BGMがメインテーマのアレンジが多いのが気になる所だが、めちゃくちゃ面白いので完全クリアまでやり込みたい思います。",0,2020/01/02 02:10:00,2020/01/02 02:10:00
101,7,9,24,可愛い過ぎる！,"まず初めに言わせてもらいます。
可愛いい！！

段ボールやウール、紙で出来た
色鮮やかな世界観が素晴らしすぎます。
そんな世界を可愛いヨッシーが冒険するのですから、
更に拍車が掛かって可愛いさマックスです！

ストーリーは単純明快で、難易度も難し過ぎず、
子供から大人まで楽しめるゲームとしてお勧めできます。",0,2020/01/02 02:10:00,2020/01/02 02:10:00
102,8,9,76,癒される！！,ヨッシーの可愛さが詰まった作品で、楽しませてもらいます。,0,2020/01/02 02:10:00,2020/01/02 02:10:00
103,9,9,17,大人でも楽しめてとても可愛らしい世界観,"流石は任天堂…といった素晴らしいクオリティです。
もはや、｢クオリティ｣という言葉で収めてはいけないような質感のゲームです。
このダンボールなどの質感と、工作物やヨッシーなどの影が本当にリアルにできており、任天堂でしか作れないようなすごいゲームになっております。

ヨッシーの横スクロールアクションゲームは物心ついたぐらいの頃、スーファミのヨッシーアイランドからずっと楽しませてもらっているが、ここまで進化したか…と感服しました。

プレイしてみてなのだが、まずとても可愛い世界観になっており、普通に楽しいです！
ボスも可愛いですw
ステージに散らばってるコインを集めれば、ヨッシーの衣装(アーマー？)のガチャガチャができ、着られるのでとても可愛いです。

ちょっとびっくりしたのは、マリオストーリーの砂漠のステージにいたネズミが出てきて嬉しかったですwww
あれはヨッシーのキャラなのかな？

ストーリーボリュームは値段相応のボリュームと言ったところです。

総評としては、可愛い世界観でBGMも凝っているヨッシー好きにはたまらないゲームです。",0,2020/01/02 02:10:00,2020/01/02 02:10:00
104,10,9,68,とにかくヨッシーが可愛い,"普段ゲームをやらない48歳の妻とライトゲーマーの15歳の娘がキャッキャ言いながら楽しそうに遊んでるのを見て買って良かったなと思いました。私と子供二人はゲームの趣味が合うので良く３人でゲームの話をするのですが、妻がそれを見て「楽しそうでいいね。私にも出来るゲームってあるかなぁ。」と言っていたのを思いだし、これを動画で勧めてみた所、「これなら私でも出来そう♪」との事でした。結果、前述のように楽しく遊べているようです。まぁ協力プレイじゃなきゃ厳しそうではありますが、この協力プレイこそ、このゲームの真骨頂なのかなとプレイを見てて思いました。子供同士でも、親子でも、夫婦でも、祖父母と孫でも、きっとキャーキャー言いながら楽しめるゲームだと思います。

ゲーム内容はYouTubeなどで動画を見れば分かると思いますが、ほんわか世界でイチイチ可愛い動きや声を出すヨッシーがマリオっぽい2Dアクションでステージごとにあるギミックを活用しながら攻略するゲームです。HPがあり敵に当たってもそう簡単に死なず、落ちてもHPが減るだけで死なず、HP回復も随所にあり、協力プレイなら片方に乗る事ができ、その場合は操作を分担出来てアクションもシビアではない、ゆるゆるマリオだと思ってくれれば大体そんな感じです。片方がヘタでも相方がしっかりしていればかなりのヌルゲーですね。なのでどっちもそんなに上手くない方が見ていて楽しいです笑。
ほんわか世界の可愛いヨッシーにあなたも癒されてはいかかでしょうか？",0,2020/01/02 02:10:00,2020/01/02 02:10:00
105,11,9,80,素敵なグラフィックス!,"ダンボール風でのグラフィックスですが、想像以上の美しさです！
流石最新版って感じですね〜
ゲームも3Ｄ的イメージで創られていて、
それでいて難しくないストーリーで、
小さな子供でも十分に楽しめます。

グラフィックスの美しさのお陰で、
見ているだけでもワクワクする様な画面に見入ってしまいます。
Switch本体でするのも良いですが、テレビに映して大画面で皆でワイワイすると
更に楽しめますよ！",0,2020/01/02 02:10:00,2020/01/02 02:10:00
106,2,10,76,みんなとともだちになれるやさしいRPG,"それらの存在を自分の意志でブッ壊すこともできて、きっちり代償も払わされる精神破壊ゲームでもある。
対象年齢12歳以上。
うちの12歳は布団に逃げ込みました。メンタルフォローが必要なようです。
家族がいるなら遊ぶ時はアカウントごとに遊ぶのをお勧めします。
選んだ行動に責任を持たなきゃいけないからです。
こういった”自由度”を謳うゲームでは、プレイヤーが取る突飛な行動にいかに対応しているかがキモになるものですが、今どき大企業が出したフルプライスゲームでもここまで作りこまれてはいないと思います。
本当に面白いゲームをプレイすると、数日間何をしててもそのゲームのことを考えてしまう。これは私にとって、そういうゲームになりました。",0,2020/01/02 02:10:00,2020/01/02 02:10:00
107,3,10,41,出会えたことに感謝,"前々から気になっていたので買ってみましたが、最初はわけもわからないままゲームを進めていき、「こんなものかな。。。」と思っていました。
しかし………。

ネタバレできないので何も言いません！自分の心に残る、出会えてよかったと思えるゲームでした！トビーさんに感謝！
あと手ミーにもね！",0,2020/01/02 02:10:00,2020/01/02 02:10:00
108,4,10,23,ここまで心に残るとは思わなかった。,"当初、タイトルを聞いたくらいで
ある好きな有名なミュージシャンが、ハマりすぎて頼まれてもないのにイメージソングを作った事を知り、試しにプレイしてみました。。

ネタバレ厳禁なので書けませんが、
すごい不意打ちをくらった感じです。
ここまで没頭するとは思いませんでした。
『開始数分間』で困惑してハマってしまい、大笑いしたり後半は真剣な表情でプレイしてました。
その『開始数分間』を他の知人にプレイしてもらったら後日購入してプレイしてました。(笑)
幸いにも何も知らないまま、クリアまで到達出来たので画面に向かって
『え！？』と驚いてばかりでした。
クリア後も他のレビューを書かれた方と同様に、何をしていても
このゲームのことばかり考えてました。(笑)

物語の要素が強いので、何も考えずスカッとプレイしたい人には不向きかもしれませんが長時間プレイが必要ではないと思います。
是非プレイして欲しいです。",0,2020/01/02 02:10:00,2020/01/02 02:10:00
109,5,10,9,心を揺さぶるゲーム,"名作ですね。

まず音楽が良いです。
ゲームに音楽は必要不可欠――
ゲームの世界観を構成する大切なものです。
ゲームミュージックの質感でこれだけ密度が高いものってあまりないので衝撃的でした。
サントラ聴きながら様々なシーンを思い起こす楽しさもあります。

シナリオもこれまた最高です。
この手のゲーム好きのツボを押さえております。
製作者はきっと「Mother」シリーズから強い影響を受けてますね。
しかし、決してMotherを意識した紛い物ではありません！
本作はMotherの領域に達した本物の作品です。

ゲームじゃなきゃ作れないあの心を揺さぶる感覚が実に良く表現されています。
久々にジーンとしちゃいました。
ゲームから受ける悲しさって何でこんなに刺さるのでしょうか……。

そして、度肝を抜いたゲームシステムーー
従来のRPGとかけ離れた斬新なバトルシステムでした。
敵の攻撃をプレイヤーの操作で回避させたり
敵を説得し、戦わずして勝利したりと
ユニークなシステムはこれからもゲームファンの間で語り続けられる要素となるでしょう。

音楽、シナリオ、システムの全てが完璧な作品です。

ゲームが終わってからも数日間は本作のことが頭から離れませんでした(笑)
完全に脳裏に焼き付けられた感じです。
もっと大袈裟に言えば人生の一部になってしまいました！

一度プレイしたら衝撃を受けること間違いなしです。

オススメです。
星5つをつけさせていただき！",0,2020/01/02 02:10:00,2020/01/02 02:10:00
110,6,10,94,Wonderful game deserves all the love,"This game made me cry, be sure to do the pacifist run and do everything Flowey asks you, otherwise you will not see the truth ending. Stay d e t e r m i n e d!",0,2020/01/02 02:10:00,2020/01/02 02:10:00
111,7,10,47,Switchなので扱いやすいです,"動画サイトで興味を持った息子に購入しました。
ＰＣ版と迷いましたが操作しやすいSwitch版にしました。
もちろん日本語なので、遊びやすかったと思います。",0,2020/01/02 02:10:00,2020/01/02 02:10:00
112,8,10,62,ネットで「神ゲー」と呼ばれていたので,"ネットで神ゲーと呼ばれていたので買う気はありませんでしたが買ってました。
またマイホームを出てSansに会ったところで終わっていますが、そこまでのほんの十数分間でもものすごく内容が濃かったです。早く続きがやりたいです。",0,2020/01/02 02:10:00,2020/01/02 02:10:00
113,9,10,92,音楽のよさはもちろん,"音楽の良さはもちろん、たくさんの素敵な思い出ができました。
そしてMOTHER２がやりたくなりました。考察も楽しいです。",0,2020/01/02 02:10:00,2020/01/02 02:10:00
114,10,10,61,Deltaruneから来ました,Deltaruneをプレイしてから興味を持ってやってみたけど楽しい。買って良かったです。,0,2020/01/02 02:10:00,2020/01/02 02:10:00
115,11,10,82,良い,息子用に購入。ダウンロードちゃんと出来るのか心配でしたが簡単でした。ゲーム自体は以前からやっていたものなので楽しんでいるようです。,0,2020/01/02 02:10:00,2020/01/02 02:10:00
116,2,11,56,散らかして掃除してが楽しい！物の動きがリアル！謎解き要素が楽しい！二人プレイでも楽しめるシステムが秀逸！,"ルイージマンションは初プレイです。グラフィックが好みでゲームもおもしろそうだったので、ずっと楽しみに待っていました。0時待機してすぐさまプレイしました！

オバキューム(ゲームの肝となる掃除機)は吸うだけでなく、噴射もできるのが楽しいです。山積みになったものを噴射で散らかして、そこから吸う…これがとっても爽快！！敵を叩きつけて周囲を散らかすのも爽快！！(笑)お金が出てくるのもうれしいです。

アクション重視かと思いきや、アクションをどう使うのかの謎解きがメイン！謎解きおもしろいです♪
アクションを使った謎解き、イメージとしてはゼルダが一番近いかな…。でもゼルダよりもよほど謎の範囲が広く、ひねりが多くて楽しいです！

また物を飛ばしたり吸ったり押したりしたときの動きがリアルで、ゲームの動きもついにここまできたかー！と感動しました。

二人プレイのシステムが考えられている点も優秀です。むしろ「いかに一人プレイでも二人プレイでも楽しめるシステムにするか」から着想しているのでは？と思えるほど。
今までのマリオシリーズ(派生作品を含む)の二人プレイといえば、無限に足場を作るだけだったり無敵に近くなって難易度低下が著しかったりと、二人プレイを楽しめるものはありませんでした。
しかし今作は操作を切り替えて遊ぶシステムで、その操作を分担する形になっています。そのためどちらか一方がつまらないということも、難易度が低下しすぎることもありません。頭脳がニつになるだけ。二人でわいわい「あなたがこうして」「私がこうするのかな？」と相談しながら盛り上がれます！

チュートリアルではRスティックでの動作が360度回転でやりにくかったのですが、その後は設定で変えられるようになったため問題なし。
あと便利なのが、ゲーム内の設定から画面の明るさを調整できること！以前ほかのゲームで画面が暗すぎて困ったとき、テレビの設定をいじる羽目になって面倒だったので…。これはありがたい配慮です。
また、アカウントの選択タイミングがほかのゲームとは異なりタイトル画面です。つまり、アカウントを切り替えるときにホーム画面にいかずにタイトル画面を表示させる(メニューからいつでもできる)ことで行えます！コントローラーの変更も、ゲーム内の設定からできます！些細なことですが、面倒くささが減って快適♪

ただ１つ「うっ…。」と思ったのが、蜘蛛が出てくるのですがそれがリアルすぎて気持ち悪い…画面に大映しになったときは目を背けました(笑)
乗ったことのない方にはわからない説明で申し訳ないのですが、ユニバーサルスタジオのハリーポッターの乗り物、あれに出てくる蜘蛛が気持ち悪くて目をつぶっている私にはつらかったです(笑)あれが大丈夫な方には大丈夫ではないかと思います。",0,2020/01/02 02:10:00,2020/01/02 02:10:00
117,3,11,98,ハロウィンの雰囲気満載で10月31日発売。私の中では2019年度のナンバー1です。,"前作の大ファンで、10月31日の発売日を心待ちにしておりました。

とにかく絵がキレイで、デモなどを見ているだけでもおもしろいので、
プレイしている人だけでなく、周りで見ている人も楽しめると思います。

オバキュームの操作は前作同様簡単で分かり易く、「スラム」など新しくハデなアクションも加わっていて
バッタバッタとオバケを退治する爽快感が楽しめるうえに、
新キャラの「グーイージ」を使ったパズルゲーム的な要素も楽しめるので、大満足の1本です。

ホラーゲームといっても、それほど怖くはないので（ボスキャラは少しコワイかもですが）
小さなお子様でも楽しめると思います。

あと、オバ犬がカワイイ。",0,2020/01/02 02:10:00,2020/01/02 02:10:00
118,4,11,21,ホラーなのにワイワイ面白くて、でも時々怖いｗ,"ルイージマンションはゲームキューブの発売日に買ってプレイして、それ以来出るたびに買ってました。
ゲームキューブ出てからはずっと出てなかったので、３ＤＳで２が発表されたときは本当に嬉しかったです。
今回はハロウィンの日に３がSwitchで発売と、このままシリーズが続いてくれたら良いなと思う。

さてゲームの方ですが、とりあえず遊んでみた感じではう～んと思うところもあるけど、それを補って余りある出来だと思う。

ゲームキューブ以来の据え置き（Switchを据え置きと言っていいのかわからないけど…）のルイージマンションで、大画面で遊ぶ正統派進化のルイージマンション！って感じです。
携帯画面にするとちょっと色々小さくて見にくいかな？と思うけど、テレビで大画面でやるには問題ないと思う。
２人でワイワイやるのも楽しいし、他の任天堂ソフトみたいに長く売れそうな感じもします。

Switch Liteしかもってない人にはちょっとオススメとは言いにくいですが、普通のSwitchユーザーにはオススメできる一本。",0,2020/01/02 02:10:00,2020/01/02 02:10:00
119,5,11,62,SWITCH 版サイコー。,期待通りの出来に大満足。3DSよりSwitchの方が画面が大きい分リアリティーが増し楽しめる。,0,2020/01/02 02:10:00,2020/01/02 02:10:00
120,6,11,2,期待通りの作品でした,"①テラータワーのボリュームが現時点で少ない
・10Fまでしかない。
・テラータワーの難易度自体は前作より難しめ。お互いがルール、操作方法をしっかりと理解しているのが前提でかつ協力してやらないとかなり難しい。
・テラータワー限定のオバケは前作のようなテントウムシやサッカーボールといった変わり種ではなく、普通のオバケにオーラをまとっただけなのでちょっと悲しかった。
・テラータワーは今後DLCもあるみたいなので期待してます。
②ギャラリーのコメントがない
・今までにあった各オバケの説明コメントが無かった。ちょっと悲しい。",0,2020/01/02 02:10:00,2020/01/02 02:10:00
121,7,11,46,期待通り！,"このシリーズは大好きですべて購入しています！今回はみんなで楽しむモードがあったりゲームを進行していくと二人でストーリーを進めることができるのもよかったです。今までにない倒し方で、ゴーストを叩きつけることができるのもよかったです。子供と一緒に楽しめました
",0,2020/01/02 02:10:00,2020/01/02 02:10:00
122,8,11,89,待ちに待った,"注文した明くる日に届きました。
画像も綺麗で、やはり楽しい！！
アクションも増え家族皆んなで悪戦苦闘しながら遊んでます。",0,2020/01/02 02:10:00,2020/01/02 02:10:00
123,9,11,50,ルイージマンション初体験,"ルイージマンションは初プレイでクリアしました

結論から言うとすごく楽しかったです！
昔からルイージには馴染みがありそれなりに好きなキャラでしたが
今作をプレイしたことによってルイージが大好きになりました
ゲームクリア後は達成感で胸が一杯になりまた一抹の寂しさがありました
こういう感情を抱かせてくれるゲームは個人的にはとてもいいゲームです

私は9割ほど2人プレイで遊んだのでそれを踏まえての評価となります
コンプ要素の宝石集めやテレサ集めなどもすべてしたうえでプレイ時間は約20時間でした",0,2020/01/02 02:10:00,2020/01/02 02:10:00
124,10,11,58,ルイージマンション3初プレイ！,"自分は、今作から入り1と2は未プレイです。
まだプレイはしてませんがプレイする前からこちらのレビューを拝見して評価が賛否両論なので正直どうかな？とは思うのですが…。
とりあえずプレイあるのみですね。
マリオシリーズは結構好きなのでこのタイトルもハマるんじゃないかと思います。",0,2020/01/02 02:10:00,2020/01/02 02:10:00
125,11,11,41,いいゾ＾～これ,なうゲームキューブからやってどうぞ,0,2020/01/02 02:10:00,2020/01/02 02:10:00
126,2,12,22,最高,操作が簡単で小学生でもできるので家族皆で楽しめますのでおすすめです,0,2020/01/02 02:10:00,2020/01/02 02:10:00
127,3,12,80,１人ではプレイできません,"一応、自作ステージを作成して自分でプレイすることはできますが…
通常のステージを１人でプレイすることはできません。
よって、１人ではステージやキャラクターのアンロックをすることもできません。",0,2020/01/02 02:10:00,2020/01/02 02:10:00
128,4,12,24,ラッキーでした。,"ずっと欲しかったのでお得に買えて嬉しかったです。
ひとりでもオンラインが楽しいですし自分でステージを作れるのでマリオメーカーみたいな面白さも味わえます。",0,2020/01/02 02:10:00,2020/01/02 02:10:00
129,5,12,4,Good,Good,0,2020/01/02 02:10:00,2020/01/02 02:10:00
130,6,12,35,野良オンラインが自分に向くか熟考した方がいい,"アクションが下手だとルーム追い出し食らうゲームでした。もっと調べて買えばよかったと。

リア友や家族など、周囲は本当にこういうアクション好んでやるか、確信が持てない場合は買うリスク高いです。e-shopにも忠告書きたい位にミスマッチが怖いゲームでした。",0,2020/01/02 02:10:00,2020/01/02 02:10:00
131,7,12,41,オンライン対戦ができない,オンライン対戦の環境が悪すぎて全然部屋に入れません。オフラインしかできないクソゲーです。,0,2020/01/02 02:10:00,2020/01/02 02:10:00
132,2,13,32,こんなにもかわいらしいガチョウのゲーム、見たことがない,もっちりふわっとしたフォルムを揺らしながらペタペタと歩き、ガァガァと鳴く愛らしい鳥、ガチョウ。本作はそんなガチョウの魅力をめいっぱい詰め込んだゲームだ。歩いたり走ったりする姿はもちろん、テーブルの下に潜り込もうと首を下げたり、オレンジ色のクチバシで何かをくわえてヨチヨチと引きずったり、これほどまでにガチョウの動作にこだわったゲームはおそらく初めてだろう。,0,2020/01/02 02:10:00,2020/01/02 02:10:00
133,2,14,54,期待のスマブラ新作！流石の作りこみで楽しいです。,"とうとうスマブラの新作が出ましたね。
いくらなんでもキャラクターが多すぎな気もしますが、作りこみは流石で楽しいです。

各キャラクターの原作に沿った演出等、かなり行き届いていて凄いですね。
FF7のステージで、壊すと召喚獣が出てくる玉がありますが
「なんでこんな赤い玉なんだろう…あ！召喚マテリアだ！」
と、気付いた時は興奮してしまいましたｗ
また各種アレンジBGMも多く力が入ってますね。
あのカービーの名曲がオーケストラで流れてたり。
なんかフニャフニャな声の入った曲はスプラトゥーンなんですね。
元を知りませんでしたが気に入りました。
個人的に一番感動したのは、あのメタルギアソリッドの「スネークイーター」のアレンジ曲があったところですｗ
他にも懐かしの名曲など大量に収録されていますんで、これだけでも楽しめますね。

ただチュートリアルもなくいきなり放り出されるので、スマブラを一切プレイしたことがないプレイヤーは困惑するかも知れません。
いつもは丁寧に操作法を説明してくれる任天堂としては珍しいですね。
まあそこまで難しいゲームでもないんで、プレイしてたら自然と覚えると思います。
操作法等確認したい方はモード選択画面の右側にヘルプがあるんで、そちらのテクニックや技表を見ましょう。

DLCの「ファイターズパス」はこれから配信が予定されている5キャラ+音楽+ステージをまとめて購入できるようです。
ただ追加キャラは直前まで非公開で、最後のキャラは2020年2月配信予定とのことなんで、間違いなくそれまでプレイを続けると思う方以外はちょっと微妙ですね。
ファイターズパス自体はソフトと同時に買っても後から買っても値段は同じなんで、実際プレイしてから判断するのがいいかもしれません。",0,2020/01/02 02:10:00,2020/01/02 02:10:00
134,3,14,2,まさに集大成,"何もかもが規格外
こんなに安くていいのかと驚愕しています
年末はこれで友達や親戚と盛り上がりたいと思います
あと桜井さん、休んでください(笑)",0,2020/01/02 02:10:00,2020/01/02 02:10:00
135,4,14,3,ゲームキューブ以来の任天堂,"画質が綺麗すぎる
ゲームキューブ以降ずっとソニー派でした

あの画質でやりたくないと敬遠していた
65インチ4kになれた目にはきついかとスマブラも思っていたが

なんだこの画質の良さは。

スイッチてこんなに綺麗だったのと驚く。

任天堂スイッチを早く買えば良かったと後悔
いやぁ、RDR2に慣れた目でも
それと同等に美しく見える",0,2020/01/02 02:10:00,2020/01/02 02:10:00
136,5,14,13,10年振りのスマブラ、確実に進化してかつ懐かしい,"タイトル通りX以来10年振りのスマブラになります。ダイレクトでの全員参戦を見て迷わず購入を決定しました。プレイ時間5時間程度時点でのレビューになります。
各モードやシステムについて個別に触れながら喋りたいと思います。

大乱闘
昔ながらの大乱闘モードですが、今作では先にステージ選択をする事でキャラ選択中に裏でロードが行われ、即座に試合を始められるようになりました。家族や友人と遊ぶ際に言葉数少なくなる地味ーに長いロードの間が無くなったのは素晴らしいと思います。
試合での各調整などはガチ勢の方に任せるとして、ライトゲーマー視点での意見を少し。 ゲームスピードがXの頃より早くなった気がしますね。個人的にはサクサク試合が進むので好きですが人によっては前の方が良かったという人もいるかもしれません。

スピリッツ(アドベンチャー含む)
俗に言う一人用モードですがやり込み要素が半端ないですね、スピリッツの種類だけで1000を超えてます。 また、懐かしいキャラクターがスピリッツとして参戦していたりして感慨深くなったりします。(キャラによってはツッコミどころ満載のスピリッツファイターになってたり)
自分のお気に入りのスピリッツを育てるのが楽しいですね。
大規模なイベント戦闘みたいなものなので収集要素が苦手という人でも楽しめると思います。

勝ち抜き乱闘
以前のシンプルモードですね。今作ではキャラクター一人一人にテーマに沿った専用のルートやボスが用意されていて非常に凝った作りになっています。特にボスの作り込みに驚きました、まさかあの某元オジサンの切り札もボスになるとは(ちゃんとボス専用モーションもあってビックリ)
ファイター全員のルートをクリアしたくなりますね...DLCキャラクターも専用ルートが用意されるのでしょうかね

オンライン
Xではオンライン不参加でした。ですので比較は出来ないのですが10年振りにスマブラプレイした人間の初オンラインの感想。
オンライン=魔境...そんなイメージがあったのですがいざオンラインで4人大乱闘をやったのですが意外や意外、普通に勝ち負け出来て一喜一憂出来る。どうやら1on1こそ猛者が集うものの、4人乱闘だと一般的なユーザーが集まっているようでyoutubeでよく見る｢俺がやってるゲームと動きが違う｣みたいな人はまだ出会っていません。世界戦闘力という実質レートのようなものも関わっているのでしょうか？詳しくは分かりませんが、オンラインに不安を抱えている方、10年振りのスマブラプレイヤーでも普通に楽しめるので安心していいと思います。

音楽
圧巻の一言。サウンドトラックを見て7000円ぽっちでこれだけの物量、元が取れるのかと心配になります。誰が言ったか、｢800曲入ったサントラ買ったらスマブラが付いてきた｣まさにその通りです。新アレンジも大量に含まれており、これを聞くだけでも買う価値があると断言出来ますね...個人的にゲーム部分以上にここが一番衝撃でした。

総括
Switchを持っているなら買って損なし。
パーティゲームとしても、一人用ゲームとしても、格闘ゲームとしても、ガチ勢やり込みゲームとしても、音楽プレーヤーとしても、どの用途で見ても満足出来ます。
大元である｢相手を画面外へとぶっ飛ばす｣、ここは良くも悪くもずっと変わりません。このゲーム性にもう飽きた、という人も少なからずいると思います。それでもこのシンプルかつ分かりやすいゲーム性こそが多くのゲーム好きを引き付け、大人子供問わず多くの人に愛されてきた所以だと思います。だからこその大乱闘、だからこそのスマブラなのでしょう。",0,2020/01/02 02:10:00,2020/01/02 02:10:00
137,6,14,30,初心者女子がプレイして感じたこと,"スマブラシリーズは3DS版を、少しだけ遊んだ適度の初心者です。

初心者の人は、このゲームは昔からあってゲーム下手な人は楽しめないんじゃないかな。っていう印象を持っている方もいるかもしれませんけど、そんなことはなく、初心者でもすごく楽しめますね！

キャラクターもステージも多いですし、これだけ多いと好きなキャラクターが必ず一人はいるはずです！その子を操作してるだけでも楽しいのです(*'ω｀*)

対戦では崖下に落としても(自滅も)勝ちになるので普通の格ゲーとはだいぶ違いますよね。
しかも複数人でするので、まさに大乱闘なので、他のゲームに比べるとゲームが苦手な人にも勝つチャンスは十分にあると思います！

グラフィックも綺麗だし、今後の追加ファイターも楽しみですし、スプラトゥーンのようにかなり長い期間遊べそうなゲームだと思います(o^^o)スマブラ最高！",0,2020/01/02 02:10:00,2020/01/02 02:10:00
138,7,14,86,星1の奴はガチャプレイ,スマブラを一度でも経験した人なら誰でも楽しめると思います。そもそも格闘ゲームのなかでも直感的な操作ができ派手な演出で上手くない人でもそれなりに楽しめるはずのゲームに対して子ども向けだの手抜きだの言っている人達はどんなゲームなら満足できるですかね？レビューを見て買おうか悩むのならシンプルに楽しんでいる人の意見だけを参考にするのがいいと思います。,0,2020/01/02 02:10:00,2020/01/02 02:10:00
139,8,14,46,それでも私は☆5を付けたいです,"スマブラシリーズはfor/3DS以外全て体験済みです。

低評価のレビューをざっと幾つか見させて貰いましたが、まあ納得ですね。

特に、批判の多いアドベンチャー(スピリッツボード)に関して。私も概ね同意見です。
ACE級以下は許せるにしても、LEGEND級スピリットとの対戦は理不尽なものが多いです。

言ってしまえば数の暴力ですね。これにはちょっと呆れました。タイマンはほぼ無いと言ってもいいでしょう。大半が自分一人VS複数で、酷い時には9人(2×4＋1)を相手にする時もあります。更に、そこに様々な(こちらだけが不利になる)条件が追加されます。
炎・電気・氷etc.の床、強風等(相手は一切影響を受けない)、制限時間、体力制ルール時こちらのHPが少ない、常時スーパーアーマー＋ジャイアント、開幕切り札速攻チャージ(連発してくる場合も)、アシストフィギュア出現 等々…
あまりの理不尽さにイライラしすぎてコントローラーを投げそうになった時もありました…
それでも何とかキーラまでの全てのスピリットは回収しました(難易度は""難しい"")。",0,2020/01/02 02:10:00,2020/01/02 02:10:00
140,9,14,54,スマブラの決定版,"触ってみた感想を書きます。
まずU版からの変更点として、スマブラDX並にゲームスピードが向上した事と回避関係に回数の制限などが設けられやや弱体化された事で、高速な攻めで相手プレイヤーを翻弄できるようなゲームバランスになっていて攻めの強いゲームになりました。
自分はWiiu版スマブラの、攻撃の隙が多く回避が強すぎるゲームバランスのせいで、強い人と戦うと大体開幕待たれる待ちゲーな感じがあまり好きではなかったので攻めの強いゲームになった事は大きな改善ポイントだと思っています。
グラフィックに関しては前作よりもキャラクターのリムライト（白い光の輪郭のようなもの）が強調されているな、っていうのをまず感じました。前作ではスターフォックスやマリオギャラクシーの宇宙ステージでのみ、キャラクターにリムライトが適用されていたと思うのですが近作では全てのステージのキャラクターに適用されているようです。ほんのちょっとの違いではありますが、暗いステージでもキャラクターを見失いにくくなりました。
ステージのグラフィックは、DXからの復活ステージなんかが見違えるほどハイクオリティに作り直されていて良い感じです。U版から続投してるステージも、そのままの移植かと思いきや見比べると細部がより作りこまれてたりして素晴らしいです。
まぁ正直、64→DX→Ｘ→ForU版　の進化と比べるとU版からのパッとみのグラフィックの進化は些細なものですし、新規参戦キャラクターも今までのソニックやロックマンに比べると地味だったりするので、目に見える進化や参戦キャラのインパクトというのは今までのスマブラと比べるとあまりないかもしれません。
しかし今作では今までリストラされたキャラクターなんかも全員揃ってますし、ゲームスピードの向上に応じて全てのキャラクターの技性能が調整し直されているので、U版をつい最近プレイしていた自分でもわりと新鮮な気持ちで遊べています。地味だけど痒い所に手が届いたようなうれしい改善点が沢山ある感じです。
スマブラ未経験の人ならより新鮮な気持ちで遊べると思いますし、スマブラ経験豊富な人であればあるほど過去作から改善されたゲームシステムに喜びを感じられると思います。
おまけに携帯モードでもそのままの画面クオリティで60fps出ちゃうのが素晴らしいです。
スマブラの集大成、決定版と言ってもいい出来栄えだと思います。",0,2020/01/02 02:10:00,2020/01/02 02:10:00
141,10,14,33,Great,Very nice,0,2020/01/02 02:10:00,2020/01/02 02:10:00
142,11,14,6,15GB,"DL版は15GB近くあるため複数ゲームをプレイする場合はSDカードが必須となりそうです
あと3時間でプレイできるので楽しみです",0,2020/01/02 02:10:00,2020/01/02 02:10:00
143,2,15,39,寝不足に注意！,"多くの人々が待ち望んでいたであろう、
マリオメーカー2が発売致しました！

大ボリュームのストーリーモードに加え、
それを更に超える、他のプレイヤーが
作成した無限のステージ！

前作も傑作でしたが、
今作は前作の届かなかった痒い所の改良から、
ステージやギミックの大量追加等、
コース職人も大喜びすること間違い無しの
最高傑作です。

コースを作っているとあっという間に
時間が経ってしまうので、
寝不足にはご注意を！！",0,2020/01/02 02:10:00,2020/01/02 02:10:00
144,3,15,56,人の数だけコースがある,"１同様、公式作品では実現し得ない様々なコースを遊ぶことができるゲームです。
世界中にプレイヤーがいるためコースも無限。やり尽くすことがありません。

”２”からは、ランダムに４人組を作り、１つのコースを協力したり競争できるモードも追加されました。これがなかなか賑やかでお気に入りです。

もちろん、自分でコースを作成することも可能。
よりギミックが増え、横だけでなく縦に長いコースも作れるようになりました。
手順も簡単だし、アップロードした自作を人に遊んで貰えると嬉しくなります。
･･･１と比べて少し制限が増え、スタート・ゴール地点に被るようにギミックが置けなくなりました。正直それで想像通りに作れず困ることもありますが、アイディアでカバーできるので問題ないのかな、と思っています。

結局は”マリオ”です。中にはすぐ飽きてしまう人もいるかもしれませんが。
コースの内容が非常に多彩、気軽に遊べるコースから、難しいコースでは繊細なプレイが要求されます。
続く人にはずっと遊んでいられる神ゲーとなるでしょう。",0,2020/01/02 02:10:00,2020/01/02 02:10:00
145,4,15,2,傑作！,"何もわからなくてもとりあえずステージを作ってみてください。
最初は山のようにクリボーや亀を配置して笑っていただけのなのに、いったん「ここでキノコあったらイケる」「ここをもっと簡単にして」と試行錯誤を始めるとマッハで時間が過ぎていきます。
そしてステージが出来上がればあなたはそれを他人にやらせたくて仕方なくなるでしょう。
ふたり同時プレイで友達や兄弟と一緒に笑い声（と罵倒）の絶えない時を過ごしましょう！",0,2020/01/02 02:10:00,2020/01/02 02:10:00
146,5,15,3,マリオ勉強の会,"クリアーするのに考えれたゲーム
勉強になりました。マリオありがとう。",0,2020/01/02 02:10:00,2020/01/02 02:10:00
147,6,15,33,スクラッチ無理してやらせるくらいなら,"スクラッチやプログラミングを無理してやらせるくらいなら
これをやらせればいいかと思います。
プログラムの基礎だと思います。

使い方も自分で試行錯誤させます。
わからなければyoutubeなどをみて、自分で調べさせ、
自分で考えて作らせます。
それを世界に公開し、自分も世界のコースを遊ばせます。

マリオが好きならハマるだろうし、
高いお金をかけて小学生の低学年をプログラミング教室に通わせるなら
これがいいと思います。（システムエンジニアをしてるので、プログラミングに似てるな、と思うのです）
ツールの使い方を自分で調べて、それで思うような結果にすることは
今後大事なスキルだと思います。",0,2020/01/02 02:10:00,2020/01/02 02:10:00
148,7,15,28,365日楽しめる文句なし！！,"スーパーマリオメーカーがパワーアップして帰ってきました！
まず、全パーツが初めから使えるのが本当にありがたい！前作とか中々パーツのアンロックがちょっとめんどくさかったんですよ、

個人的に太陽と月が面白いですね！
太陽と月によってがらっとコースに緩急がつけられてやらしいですw

オンラインで世界中の人が作ったコースもプレイできるし、自分でもコースを作れるし、老若男女楽しめると思います。
特に、マインクラフトはアメリカで教育に使われている学校もあると聞きますが、スーパーマリオメーカーも子供の想像力、空間認知力をかなり高めてくれると思うので、特に子供におすすめします。
今はゲームで教育ができちゃうんです！

総評としては、素晴らしいゲームです！
しかも意外とリーズナブルで安いですし。
ずっと楽しめます！",0,2020/01/02 02:10:00,2020/01/02 02:10:00
149,8,15,5,マルチ対応！,"待ちに待ったマリオメーカー2発売！
マルチが対応されて友達やオンラインで他の人とも遊べて楽しいです！パーツも増えておりコースの作る幅が広がります！マリオメーカー1が完全に進化した感じで前作してた人は買いですね！",0,2020/01/02 02:10:00,2020/01/02 02:10:00
150,9,15,96,初の任天堂スイッチ,"任天堂スイッチが2019年8月30日からバッテリー持ちの良い新モデルが出るということで、年末頃に買う予定の任天堂スイッチを急遽8月30日に予約注文して
ソフトを3本厳選したうちの1本をこちらに決めました。
レビューが低いので迷いましたが、YouTube動画を見て面白そうだと思って購入しました。

価格 Amazonの値段は平均的だと思います。
ポイントや、ギフト券などがあれば、欲しい方はAmazonで買えば プライム会員なら早く届きます。

【面白さ 】
ネット環境は、ありますがネット無しでのプレイのみとして。
つくる と 遊ぶ の２つを行います。
作り方に関しては、操作に慣れないと不自由を感じます。色々操作をしていますが、まだ分からないことも沢山ありますが、コースを8つくらい適当に作って家族にプレイさせて笑えて楽しいです。
敵やステージを自由にアレンジするのが楽しいです。
アイデア次第では無限大にコースを作れます。
まだ長いコースやスクロールなど、凝った物は作れませんが、少しずつ覚えていこうと思います。
インターネットで、色々な人のコースをプレイするのも、自分の自信作を投稿するのも面白いんじゃないかと思います。

あそぶに関しては、ストーリーモードのようなコースも入っていて、マリオが初心者の人も操作を覚えることができると思います。

昔シューティングやRPGを作れるゲームが流行ったことがありましたが、マリオのコースが作れるなんて最高です。
買って良かったです！！",0,2020/01/02 02:10:00,2020/01/02 02:10:00
151,10,15,0,果てしなく遊べる！,"今作はストーリーモードがあり、また良質なコースを検索しやすいように改善されたということで、マリメデビューしました。
ストーリーモードのコース、とても面白いです！ ギミックが凝っていてバラエティーに富んでいます。難しい時はちょこっとコースを編集してクリアすることもできてしまいます。
また、ストーリーモードを遊んでいる内に自然とパーツの効果や上手い配置が分かるようになっています。
コース作りのやり方やコツはヤマムラ道場で丁寧に教えてもらえるので、初めてでも大丈夫です。気持ちよく遊んでもらう為の配慮等、プロの秘訣も伝授してくれます。
携帯モードで作る場合はタッチペン(静電容量式用)がある方が操作しやすいかと。

自分でコースを作らなくても2Dマリオゲーとして遊ぶ専でも楽しいと思います。
オンラインでのフレンドとの協力プレイはアプデで対応予定とのことです(公式お知らせより)。
オンラインマルチは各々の通信環境の影響が大きそうなので、まだあまりやってません…。後々の方が色々改善されるかなと期待して様子見中です。

3Dのゲームが当たり前の時代になりましたが、2Dアクションってこんなに面白いんだ！と目から鱗が落ちました。
3Dワールドのスキンが増えたので、今の若い方やお子さんにも取っ付きやすいのでは。
私は幼少時にFC、SFCで遊んだ世代なので懐かしくてたまらないです。長く遊べそうです。",0,2020/01/02 02:10:00,2020/01/02 02:10:00
152,11,15,7,マリオファンは必見のソフト,"3DSのマリオメーカーと比べると、コース作り方の時にタッチペンでポチポチ出来るので作りやすく便利です。
オンラインでのクリアー率や遊んでくれた人数とかも表示してくれるのでコースの作りがいがあります。
ストーリーモードが有るのでマリオブラザーズ感覚で遊ぶことが出来るのでgoodです。
各国で作られたオリジナルコースがチャレンジ出来るので、無限の楽しみが出来ます。
子供はコースを作って楽しんでいますが、私はコースクリアーを楽しんでいます。
作るのが苦手な人でも充分楽しめるソフトだと思います。",0,2020/01/02 02:10:00,2020/01/02 02:10:00
153,2,16,2,普段ゲームをしない人とでも楽しめる！,"無印も２も２面くらいまでしかプレイしていませんが序盤までの感想です。

Overcookedは無印を人にプレイさせてもらい、とても楽しかったので購入したいと思っていたのですが、
ゲーマー４人で遊んだときは、初見でもある程度やると最高効率で動くというのが比較的簡単だったため、繰り返し遊べるか不安で無印の購入を迷っていました。そうこうしているうちに続編である２が発売……。
しかし、友だちと忘年会をする際に「何かゲーム持ってきて！」と言われ、それならとOvercooked2の購入を決意しました。
友だちは普段からゲームをするという子は少なく、どちらかというとゲームはやるのは好きだけど苦手……と言った感じ。しかし、Overcooked2をプレイしたところ皆ドハマリでした！
操作が少なく（持つ[Aボタン]と作業[Yボタン]さえできればプレイできる）、でも作戦を考えないとうまく調理できない。そんなもだもだ感に全員が夢中になっていました。
最後ポイントによって評価が☆３つであるのですが、その評価も今のところ（２面までしか勧めませんでしたが）難しくないラインで、ある程度ぐだぐだでも評価されるという達成感もあるので、ゲームが苦手な人にこそ遊んでほしいゲームだと思いました。
そして、このゲームは慣れた人で最高効率を出すのもいいですが、パーティや集まりでちょっとしたゲームを皆でやりたい。という時に遊ぶのがとても楽しいゲームであると気付かされました。

また、無印の１面、２面と比べて２の１面、２面のほうがステージギミックなどでなかなかうまくいかない！というもだもだ感が強かった気がするので、何度も挑戦したいステージになっていると感じました！

オンラインではまだプレイしていませんが、上記の通り、違う人とやればやるほど楽しいゲームだと思うので、オンライン化はとても素晴らしいと思います。（もちろん同じ人とあそぶのも楽しいです！）",0,2020/01/02 02:10:00,2020/01/02 02:10:00
154,3,16,70,ソロでも楽しめました,"人とやるのが楽しいゲーム、という評判なのですが、実況動画を観て、これなら一人でも楽しめそうだなと思って買いました。
1ゲームが4分～？と時間が決まっているので、通勤電車とか、会社の休み時間に気兼ねなく出来てストレス解消になります。けっこうな集中力を要するので、いい感じにリフレッシュできます。

一度、コントローラをばらして同僚と一緒にやってみましたが、2コンのゲーム機が持ち運べる時代なのかと感慨深く思いました。

オンラインマルチは、上手い下手のバランスの取れたメンバーが集まるとも限らないし、意思の疎通がほぼ取れないので、ガッツりやる感じではないですね。",0,2020/01/02 02:10:00,2020/01/02 02:10:00
155,4,16,89,Steam版とSwitch版両方購入,"PC版オーバークックがEpicGamesで無料配布されていたので妹とプレイしたところ面白すぎて2の購入を決意。
最初はSteam版を買ったのだがやはり1台のPCの前に座るのは2人がスペースの限界。
友人2名が家に遊びに来ることになったので3人～4人でテレビ画面を見て一緒に遊ぶならSwitch版の方が都合が良かろうと急遽ダウンロード版を購入。

友人は普段全くゲームしない人たちだが見事に熱中。
☆3つ取るまでは納得いかない！次のステージに進むわけにはいかない！といつしか本気モードに。
「役割分担ちゃんと決めよう」「わたし炊飯と皿洗い」「食材と盛り付け頼む」「料理出して！」と指示まで飛ばし始める始末。
大の大人の宅飲みの場が一気に放課後の小学生の集いになってしまった。

普段自分一人で主にPCゲームをしているので人数分のコントローラーがないなと思ったが、Joy-Con左と右とProコンで3人できた。
4人フルでやるときに備えてJoy-Conもう一式買い足す。",0,2020/01/02 02:10:00,2020/01/02 02:10:00
156,5,16,18,星４レベルが難しくて面白い,"小学生１年生と３年生の子供と一緒にやりましたが、盛り上がりました。
操作もルールも簡単なので、ゲームがあまり得意じゃない方も一緒に遊べる点が良いです。
お友達同士でもやっていますが、熱心に頑張る子がいたり、途中で飽きてふざけてしまう子がいたり、色々ですね。

アップデートで星４が出ましたが、大人が本気でやってもなかなか達成できないステージもあります。
星４達成に向けて日々頑張っています。
はまる人には、はまるゲームです。",0,2020/01/02 02:10:00,2020/01/02 02:10:00
157,6,16,44,1人ではなく、是非複数人で遊んでほしい　協力+会話が必要,"親、兄弟、子供がゲームをするなら買いです。
操作は簡単で、６歳位でも（フォローは必要）遊べます。

そして、他のゲームでは一緒に遊んでいるのに淡々とやり続けるなどがあるかと思いますが、
このゲームは皆で話し合いながらプレイできます。（話し合いと言うか言い争いに近いですが）",0,2020/01/02 02:10:00,2020/01/02 02:10:00
158,7,16,91,とにかく楽しい協力プレイ,"神ゲーです。

友達とオンラインでやることができます。そこでストーリーモードを進めることができるので、擬似的にみんなで集まってやっている感覚を味わえます。わちゃわちゃ感をオンラインで楽しめることがなによりこのゲームの良い点です。なので、あまりソロプレイはオススメしません。できれば3人以上のでやるのがオススメです。一応1人でもオンラインの野良プレイができます。まぁまぁ楽しいですがやはりこのゲームの真骨頂は友達との協力プレイですので是非何人かで買ってプレイしてください。",0,2020/01/02 02:10:00,2020/01/02 02:10:00
159,8,16,38,コスパ良し,安いわりに良かった。４人で遊ぶのが一番たのしめるが、常に人数が揃うわけではないのがネック,0,2020/01/02 02:10:00,2020/01/02 02:10:00
160,9,16,16,友達や家族とやると面白い,"みんなでやると盛り上がる。
オンラインがあるから1人でも対戦や協力プレイが出来るのが良い。
キャラクターも可愛い。

ストーリーモードをオンラインでするにはフレンドになった人としかできないから友達が集まらないとソロでやらないといけないから難しい。",0,2020/01/02 02:10:00,2020/01/02 02:10:00
161,10,16,24,脳が活性化します,単純な作業なのに頭がパニクります。基本、2人でやるのでパートナーとの連携が大きく成果に作用します。何十年ぶりかのゲームで遊ぶという楽しさを味わいました。楽しかったです。,0,2020/01/02 02:10:00,2020/01/02 02:10:00
162,11,16,0,できれば4人でやりたい良パーティーゲーム,"4人でやるのをおすすめします。
会話をしながら、役割分担をし、それぞれが進捗具合をコミュニケーションすることで、高得点が狙えます。
個人個人の連携が必要になるので、自然とコミュニケーションが増え、
共同作業を通して、仲良く慣れる良いゲームです。",0,2020/01/02 02:10:00,2020/01/02 02:10:00
163,2,18,60,この価格にしてこのボリュームとはお買い得,スキルやギミックが徐々に増え、飽きずに挑戦し続けられる点や、複数ある正解など、シリーズの長所を受け継いでいます。ひとりでも楽しめる協力モードは、それぞれがハコの代わりになれたり、ふたりともゴールしなければいけなかったりと、同じようなステージでもまた新鮮に遊べました。アイテムが増えて、手詰まりになりにくいのも楽な気持ちに。,0,2020/01/02 02:10:00,2020/01/02 02:10:00
164,2,19,57,楽しいアドベンチャーゲームと言えばこれ,"逆転裁判がswitchでリマスターされるのをずっと待っていました。

でも今となっては逆に待っていた期間が長かったこそほとんど忘れてしまって新たな気持ちでプレイできるので購入した今となってはよかったとさえ思えます。２章までプレイしましたが多少違和感を覚えていた高解像度化もすっかり慣れてしまい先へ先へとはやる思いを抑えるのに一苦労です。

ちょっとだけTVモードも試しましたが基本は携帯モードでプレイしています。TVモードは文字を追うには字が大きいので問題ないかと思いますが、音源が現代のちょっといいスピーカーとの相性が良くないような気がします。SEはいつものテンポでピコーンとなったり机を叩く音などしっかりリマスターされています。あと携帯モードでは画面をタップするだけで会話を進められて地味に便利です。ただ唯一裁判所で裁判長や被告席に視点が移る際に若干ラグのようなものがあるような気がします、ほんとうに誤差の範囲内ですが。

PVでは成歩堂にボイスがついているかのような印象を受けかねませんが異議あり！待った！等のお決まりボイス以外はありません。これに続いて残りのシリーズも全部リマスターしてほしいです。",0,2020/01/02 02:10:00,2020/01/02 02:10:00
165,3,19,16,逆転ファンなら買っておいて損なし・・・だと思います,映像が綺麗になっているというのはそれだけで新鮮な気持ちでプレイできますし、なによりSwitch版という事で、大きなＴＶ画面で逆転裁判ができるというのが嬉しかったです。ただ、３DS版と同様に完全移植である事から、ストーリー選択肢を完全に暗記している人にとっては唯の画像確認にしかならないのが残念な部分ではあります。個人的には第１話の様な１回の裁判で終わるショートストーリーがあったり、OPムービーがあったら文句なしといった感じです。,0,2020/01/02 02:10:00,2020/01/02 02:10:00
166,4,19,89,良移植,映像HD化されて大画面でも綺麗に遊べます。UIも綺麗になっており、元がGBAとは思えません。,0,2020/01/02 02:10:00,2020/01/02 02:10:00
167,5,19,46,初めての逆転裁判,"3作品が纏まって収録されるとの事で
お得感があった為、初めて遊んでみました。
推理などが苦手な私でも
遊べる難易度で、楽しめています。
タッチ操作で文字送り出来るのが便利です！",0,2020/01/02 02:10:00,2020/01/02 02:10:00
168,6,19,65,好玩,很好玩 找到了以前的感觉,0,2020/01/02 02:10:00,2020/01/02 02:10:00
169,7,19,69,非常好玩,游戏几乎全新,0,2020/01/02 02:10:00,2020/01/02 02:10:00
170,8,19,33,意義あり‼️,"名作中の名作ですね。
かなり面白い作品です。
プレイした事無い人はプレイするべき‼️",0,2020/01/02 02:10:00,2020/01/02 02:10:00
171,9,19,15,このゲームはテレビでやるには向いてない,"ホントは星1くらいをつけたいが、逆転裁判123といえば星5くらいの不朽すぎる名作なので間をとって星3。
まずグラフィックは一応強化されているらしいのですが、それを感じさせない現行据え置き機とは思えないしょぼさ。
サウンドに関しては3DSの完全移植で成歩堂君のややくぐもった声まで完全再現。(声が巧舟さんなのは嬉しいけど)
ストーリーも今やると少し時代を感じます。
私みたいにいい感じにストーリー忘れて楽しめるかな・・・なんて思ってる人は少し痛い目見るかも。

逆転裁判123未プレイで携帯モードオンリープレイ・・・なんて人ならものすごく楽しめるかもしれません。",0,2020/01/02 02:10:00,2020/01/02 02:10:00
172,2,20,68,甘い考えで買うと痛い目みます。笑,"ダイエットに良さそうだったので軽い気持ちで予約購入。

私は毎日体幹トレーニングを行っているのであまり効果は期待しておらず、彼女のダイエットにでもなれば良いなぁと考えていました。

がしかし、いざやってみるとあまりのハードさに翌日から筋肉痛の嵐！

体を鍛えていたつもりでしたが、甘かったようです。

毎日の日課として続けられるように、ゲームモードとしてデイリートレーニングというものがあり、一日に一度できます。

15分から50分くらいの間でトレーニングの時間を決め、その日のプログラムをほぼノンストップで行います。

「おすすめ」として35分などがすすめられ、実際にやってみましたがこれがまた地獄のようにキツイ…。笑

これは1人モードなので2人めのjoy-conは反応してくれませんが、全く問題ないです。

彼女と2人で毎日エクササイズしていますが、2人してゼーゼーいいながら日課としてやれています。

ちなみに35分のデイリートレーニング一回で、およそ300kcalの消費でした。

他にも2人プレイができるフリーモードや対戦モードもあり、大好きな声優である大塚明夫さんのキャラに励まされながらしごかれています。

ダイエットはしたいけど外に出るのは億劫な人にはピッタリだと思います。
体験版もあるそうなので、お試しあれ。",0,2020/01/02 02:10:00,2020/01/02 02:10:00
173,3,20,62,結構本格的,"学生時代にジムのボクシングクラスで激やせした経験があり、社会人になってからは激太り。
一応某暗闇ボクシングなども何度か行きましたが、お金と時間がなくて断念。
上記二点によりフォームなどはもう分かっていたので、すんなりとプレイが出来ました。
初めての方にはフォームをしっかり教えるモードもありますが、私はスキップしました。

「運動すれば痩せる」とは学生時代に身をもって分かっていたし、このゲームもジムやボクシングジムでやっていたものとほぼ同じ内容だったので、続けていたら確実に痩せます。
ただまぁ、学生時代みたいに爆食いしても運動さえしていれば痩せることはもうないかとは思いますが…。食事にもある程度気を付けないとですね。
※ジムなどでは合間に腹筋したり腕立てしたりしたので、ゲームの後にこれらもご自身で追加されると尚よいかと。
長らく運動していなかったので翌日腕と肩回りが筋肉痛でバッグを持つのも大変なくらい。

ただあくまでもゲームですので、フックやアッパーなどは振りかぶる瞬間に入力判定されてしまうこともあり、音ゲーみたいにパーフェクト狙うのは多少難しい。とは言え痩せるためのゲームですので、私は判定をあまり気にせずにフォームに気を付けてやっています。あまり機械の誤作動などに振り回されて本来の目的を忘れないように。",0,2020/01/02 02:10:00,2020/01/02 02:10:00
174,4,20,47,想像以上にハマった,"買うつもりはなかったけど、Switchの数少ないフィットネス系のソフトなので体験版をやってみました。
体験版も思ったよりたっぷり体験させてくれたけど、それをやるうち、製品版出たら絶対買おうと思っている自分が。
結果、製品版買ってよかったです。ボクシングに全く馴染みのなかった自分でも、やるうちにフォームも安定してきて、評価がよくなってくるのも嬉しい。プレイ後には爽快感があって、ストレス解消にもなりそうです。
運動不足解消とか、ダイエット効果とかは、もう少し続けてから追記したいと思います。
個人的には、洋楽っていうのも良かったです。",0,2020/01/02 02:10:00,2020/01/02 02:10:00
175,5,20,92,シェイプボクシングの流れのソフト,"Wiiのシェイプボクシングの様なソフトを探して、
先ずは『ARMS』を購入しました。
ジョイコンを手に持つ「いいね持ち」だと勝てないので、
最終的には普通の格ゲーになってしまいました。

以前はシェイプボクシングをやっていたので、
Switchで同様のエクササイズが出来るのは
非常に有り難いですね。
Wiiリモコンだと軽めのダンベルって感じでしたが、
ジョイコンだと拳でくるむ様に持てます。

もうじき還暦なので35分のデイリーはキツいです。
なので半分やったら休憩を入れてやってます。
歳と共に運動しなくなってきているので、
自宅で気軽にボクササイズ出来るのは嬉しい。
プログラム自体は上半身メインですが、
フットワークを使うと下半身も鍛えられそう。",0,2020/01/02 02:10:00,2020/01/02 02:10:00
176,6,20,52,どこででもボクササイズできる,"ダイエットや運動不足解消など、目的に合わせて設定できるので、ダイエットにしました。

▽よかった所
・想像していたよりも汗をかき、運動をしている実感がある
・wiiのバランスボードのようなものが不要で、テレビが無い所でも場所を選ばずボクササイズが出来る
・インストラクターに魅力があり、声で応援されてモチベーションが上がる
　着せ替え機能もあり、もう少しやろうという気になる
・実際に痩せてきた

▽悪かった所
・スクリーンショットが撮れない
　毎日のデータをSNSなどに上げて補完していきたい
・ボクササイズ以外に、息抜きになるような遊びが欲しい
　（パンチで風船を割るミニゲームなど）

実際に体重は減っているので、このまま継続して続けていきたいです。
気になる方は体験版をやってみて欲しいです。",0,2020/01/02 02:10:00,2020/01/02 02:10:00
177,7,20,35,ステップがうまく反応しない方へ／長続きします！,"魅力的なインストラクターが
「素晴らしいですね！」とか「なかなかいいぞ」とか
「ナイスパンチ！」とか「お手本になるレベルです」とか
励ましたり褒めてくれたり、あとはカレンダー機能があって
毎日続けていくと特典が貰えたりして、非常に長続きしやすいです。

ただ、余裕のある時にやると「楽しいな、続けよう」という気持ちになりますが
疲れてくるとインストラクターの「あともう少しだぞ！」という声に
「あんたはいいよね、機械の中にいるんだから疲れなくて……」と
ひねくれたことを考え始めたりします。",0,2020/01/02 02:10:00,2020/01/02 02:10:00
178,8,20,44,ダウンロードにすればよかったかも,"体験版で良かったので購入
二日目でおすすめの25分でヘロヘロの800発
次の日から10分モードに
25分耐えられるように頑張ります
パンチでストレスも吹っ飛びそうです",0,2020/01/02 02:10:00,2020/01/02 02:10:00
179,9,20,6,気軽に出来るボクシング体験！　しかし休憩も忘れずに。,"Nintendo Switchで出来るWiiフィットみたいなのを探してたら、これをお勧めされたので体験版を遊んだ後、ニンテンドーストアでDL購入しました。
自宅で気軽に簡単なストレッチとボクシングが体験できるので、ジムに通うのが辛い人や自宅で運動したい人にお勧めです。（一応ダイエット目的でも使えますが、これだけで痩せるにはかなりの時間が必要かも・・・）
モードには毎日１回行うデイリー（自分で自由に設定をカスタマイズできます）と何回でも行えるフリーがありますが、最初はデイリーを必ず毎日行うように意識して、体力に余裕を持てたらフリーも行うといった感じで行うのが良いと思います。
しかし最初からダイエット目的で35分などを設定してしまうと、普段運動していない人だと後半で息切れしてしまうので、自分に合った設定と疲れた時に適度な休憩を取って無理をしない範囲でゲームを楽しみましょう。
全体的な評価としては、もう少しストレッチの種類が多いと嬉しいぐらいしか欠点がなく、それも評価を下げる程の物ではないので最大の星５にさせて頂きます。

追記：とりあえず一ヶ月ほど続けた所、体重はあまり変化ありませんが体全体が引き締まり筋肉と体力ががついたように感じます。　それと難点として最初の頃には無かった前後のステップ運動が自分が下手な部分もあると思いますが結構下に響くようで、現在はステップは無視して行っていますがエクササイズの最初の確認でそういうのを選ばれないようにするなどの要素があればもっと良いのにと思いました。　",0,2020/01/02 02:10:00,2020/01/02 02:10:00
180,10,20,51,最高の有酸素運動。これを軸に環境も整えれば体脂肪も減らせると思う。,"同じく私も運動不足が否めなくなってきたので、家でもできるフィットネスとしてこのゲームを購入しました。

デイリーで45分、ほぼ毎日やっています。

たかがゲームと思っていましたが、最初のパンチ連打を終わらせた翌日に背中や肩甲帯が筋肉痛…治ってきたなと思った日のデイリー内容がダッキングといいう素早くスクワットする動作を行ったらお尻と太ももの裏がものすっごく筋肉痛になって便座に座るのも手すりが要るくらい下半身が悲鳴をあげていました笑

1週間ほど続けていると筋肉痛も起こらなくなり、程よくカロリーも消費できました。
そして最近驚いたことが、暖房も何も点けていない寒い部屋でこのゲームをやっていても汗が出るのに、ランニングした時ほど息が切れていないということです。
息が切れる＝今の運動の強度が無酸素に近い　だから呼吸数を稼ぐ生理反応であるため、息を切らすことなく汗をかけるのはかなり良い運動であると思いました。
ゲーム内ので数値になりますが、1回(45分前後)の運動で400キロカロリー弱、この消費量は減量するのは大きいと思います。

ただ本気で痩せようと思うには、たんぱく質をしっかり摂り、間食を無くし（←これ一番重要）、このゲームを始める前に腕立て伏せと腹筋、背筋の筋トレを10回2~3セットやって活動する筋の量を増やし燃費の悪い身体に整えることができれば体重は落ちていくと思います。

このゲームの発売日は12月で良かったと思います。夏が始まるまでちょうど半年、体を絞るためには十分だからです！
「今年こそは痩せる！」と抱負を掲げた方、ぜひこのゲームを買う前に間食を控えてください笑",0,2020/01/02 02:10:00,2020/01/02 02:10:00
181,11,20,71,ガチです。,"パッケージ版購入して10日、体験版含めて14日やりましたが、これだけは言っておきます。
甘く見ると火傷します。
レビューに関しては既に多くの方が書いておられるので細かいことは書きませんが、気になるのであればまず体験版をやってみて下さい。体験版は一日一回のデイリーなら3日、フリーなら10回までの制限ありますが、そこまででも各種パンチやダッキング、ウィービング、それらを織り交ぜたコンビネーションができますので。

パンチや各種動作の判定は両手に持ったジョイコンの、モーションセンサーや加速度センサーで拾ってるようですが、判定そのものは結構アバウトです。ぶっちゃけ判定してもらうだけなら、ジョイコンを振り回してるだけでもOKな作りですが、もちろんそれでは意味がありません。インストラクターの指導通りに全身を動かすことで、それに判定が付いてくるというイメージ。あくまでフィットネスであり、ゲームという考えは捨てるべきでしょうね。

上で書いたように2週間やりましたが、最初の数日はとにかく筋肉痛。ダッキングなど下半身を使う動きが出てきてからは、階段の昇り降りすらおぼつかなくなるくらいでしたが、続けていると慣れていくものですね。今でも筋肉痛ありますが、体を動かす楽しさの方が上回ってます。
自分は既にスイッチ本体持っていたので、体験版後すぐに製品版購入となりましたが、本体ごと購入しても損はない優良ソフトです。運動不足が気になる方にはオススメ、但しめっちゃキツいですよ！

と、ここまではほぼベタ褒めだったので、個人的に残念と思ったところを。
他のレビュワーの方も書かれてますが、デイリーコースの前後にあるストレッチ。これが毎回同じことばかりなこと。自分はダイエットコースしかやってないので分かりませんが、単独のストレッチメニューでも全く同じだったので、バリエーションは一つしかない？目的やコースによって使う筋肉や部位も違うので、それらに即したストレッチメニューを組んでもらいたいです。
もう一つ、各種動作はレクチャーで単独でもできますが、コースに組まれる各種コンビネーションも単独でできたり、自分でコースを組めたりできればと思いました。現状、フリーでも目的と時間を選んだら、コースメニューはお任せですから。
以上2点が今のところの不満ですかね。星を減らすほどではないですが、改善してもらいたいです。",0,2020/01/02 02:10:00,2020/01/02 02:10:00
182,2,22,93,懐かしさを感じる,"本作は最初のゲームボーイ版だけを遊んだ事がある。だいぶやり込んだようにも記憶しているが、なにぶん昔の事なのでもう細かいゲーム内容は殆ど覚えていない。このリメイク版で久しぶりに触れ、ああ、こういう感じだったな、とかこんな話あったな、と色々と思い出すところがあり、懐かしさを覚えた。しかしゲームボーイ版で最初に遊んだときにも不思議と似たような懐かしさを感じたのを思い出した。この夢を見る島というゲームに何処かで一度触れたことがあるような。今作の世界観はそういう、どこかノスタルジックな雰囲気を漂わせている。懐かしさと切なさもある、大人になると忘れがちな感覚とでもいうか。
リメイク版はグラフィックがトイっぽいデザインになっていてこれもそういう感覚をくすぐってくれて良いんじゃないだろうか。
序盤は行動にも行ける場所にも制限があり、アイテムを獲得するなどして徐々に世界が広がっていく、ゲーム全体が高度なパズルゲームとして体系立てられている古き良きアクションRPGとしてのゼルダの魅力を、オープンワールドのBOWで初めてシリーズに触れたという人にも体験して頂きたいところだ。",0,2020/01/02 02:10:00,2020/01/02 02:10:00
183,3,22,10,とにかくカワイイ、楽しい,"ゼルダの伝説シリーズが好きで予約購入しました。
どうぶつの森バリに可愛いキャラで、ゲーム性もゼルダが楽しめるので、非常に個人的に好きな世界観＆ゲーム性でした。
好きなポイントとしては、村人に話しかけた時に「ん〜」と一言しゃべるんですが、キャラによって違いが非常にたのしくて臨場感がわきます。
とにかく久しぶりののめり込めるゲームなので、思いっきり楽しみたいと思います。",0,2020/01/02 02:10:00,2020/01/02 02:10:00
184,4,22,32,オリジナルのオマケも健在,"いやぁ、、懐かしい。
初めてGBで買ったのがコレです。

昔懐かし、良いゲームです。

ちなみに、オリジナルのプチオマケも健在でした。お試しあれ",0,2020/01/02 02:10:00,2020/01/02 02:10:00
185,5,22,75,むしろ既プレイほど心に刺さるリメイク,"思い出補正がありすぎて正直正しい評価か自分でも謎ですが、
それくらい既プレイ者を引き付けるものがある作品です。
特筆すべきはグラフィックを一新したのに縮尺そのものはゲームボーイのままということ。
ダンジョンにいけばよく分かりますが、当時のままのマップサイズで、なんとも心を揺さぶられます。(当時のゲームボーイは画面が小さいため、キャラを大きめにせざるを得なかった)
普通であれば今の16:9の画面に合わせてもいいものですが、あえてのGBの画面の狭さを再現するセンスはすごい。
だからといって全く変わってないわけではなく、フィールドなんかは画面の切り替わりがなくなったため、スムーズに移動できます。
これも妙に面白いんですよね。GBからのプレイヤーからすれば隣マップがはみ出て見えるわけで、別にプレイや進行に関わる訳でもないんですが、なんでか感心してしまう不思議。
ミニゲームなんかもこんなに難しくなかっただろ！ とか、モリブリンなんか挙動ちがくね？ とか、思っていた以上に比べる楽しさがヤバイ。
謎解きなんかはそのまんまですが、自分がちゃんと覚えているかの答え合わせとして楽しんでます。
操作方法はボタンが増えたため、神トラに近くなり、かなりやり易くなっていますね。神トラと同じく剣と盾はいつでも使えるようになってます。そしてアイテムは二つ装備まで可能です。

本当は夢島は何度もクリアしてやりつくしたレベルだったのでスルーしようとしてたのですが、
CMのボーカルつきかぜのさかなの歌で一発KOされ、その衝動のままに買ってしまいましたが、それで正解でしたね。
新規の方でもゼルダ入門編として楽しめるかと思いますが、この作品はまさに既プレイ者にこそ突き刺さる作品でした。
答えなんて全部分かってるのにズルいくらい楽しいです。
私のように好きだったけどもちょっとボリュームがなぁって思っている人は是非手に取ってみてください。夢島好きであったのなら今作は絶対楽しいかと思います。",0,2020/01/02 02:10:00,2020/01/02 02:10:00
186,6,22,10,これが任天堂クオリティのゲームだ！,"こんなにかわいらしくユーモア有りのビューティフルな世界観を作れるゲーム会社は任天堂の他にありますか？
なおかつ、ほのぼのしたBGMやシリアスなBGMの使い分けも感服します。

ゼルダファンも初心者の方も間違いなく楽しめます。しかもお安くお財布に優しい。

総評としては、これが任天堂が作るゲームだ！このクオリティをおかずに白米食べれます。",0,2020/01/02 02:10:00,2020/01/02 02:10:00
187,7,22,78,懐かしさがよみがえる,昔にゲームボーイでやり込んだことを思い出す一方で、当時のドット絵では見られなかったキャラクターの細かな部分までもが鮮明に画面映し出され、新鮮さを感じることができます。,0,2020/01/02 02:10:00,2020/01/02 02:10:00
188,8,22,42,最高のリメイク,"Switch liteと一緒に購入。

結論から言うと素晴らしい出来です。
昔のゼルダの楽しさはそのままに、
ミニチュア世界のようなグラフィックにフルリメイクされてます。
操作性も良くヌルヌル動きます。
ブレスオブワイルドをプレイした時「面白いけど自分の知ってるゼルダではなくなっちまったな」と感じたオジサンたち。
やりたかったのはきっとこっちのゼルダです。",0,2020/01/02 02:10:00,2020/01/02 02:10:00
189,9,22,55,当時を思い出す理想的なリメイク,"まず特筆すべきグラフィックはゲームボーイから大きく進化しながらもキャラクター・背景共にジオラマ風に仕上げられており、
当時の感覚をまざまざと思い出させる世界観作りが随所にみられます。
加えてキャラクターのアクションや反応がコミカルで、思わずほのぼのしてしまいます。
総じてコホリント島の設定を意識すればこれが最適解、と言えるかもしれません。
サウンドも程よいアレンジで違和感もなく、特にかぜのさかなの歌は涙腺にくるものがあります。
エンディングでも昔を思い出してホロリとしてしまいました。

ゲーム性についてですが、
ボタンが増えたことによる操作性は快適で、ほとんど肥やしだった盾が有効に使えるのがちょっと楽しかったですね。
マップも詳細になったことやハートの上限も増えたため、難易度としては低めです。
アクションRPGとしては多少ボリューム不足は否めませんが、本作追加要素であるパネルダンジョンでは
クリア済みのダンジョンのマップを組み合わせてオリジナルのダンジョンを作れます。
自分は報酬目当てでしたが、お題の中に「剣無し」の縛りを課すものがあったので、
やりこみたい人はこちら、ということでしょうか。（代わりに写真屋が削除されたのは切ないですが・・・）

昨今リメイクというと別物のゲームになってしまう事も多々ありますが、
この作品は小学生当時GB版を何度もプレイした自分には理想のリメイクであったと思う。
高難易度のゲームしか楽しめない人はちょっと合わないかもしれないが、
人形劇のような世界観は大人も子供も受け入れられるゲームだと感じました。",0,2020/01/02 02:10:00,2020/01/02 02:10:00
190,10,22,60,これぞゼルダ！,"リメイク版らしいですが私は初見です。
さすが任天堂と言わんばかりの丁寧な作りとちょうど良い難易度。
ユーザーをよくわかってるUIってところだと思いました。
退屈にさせないストーリー展開とリンクの成長はスイッチを起動させる理由に値します。
あまり重々しいソフトは立ち上げるのも面倒だったりしますが、このソフトはそんな事はありません。
いつでもどこでもセーブができるというのはユーザーにとって嬉しいものですし、携帯機とマッチしてると思いました。
タイトルで流れる音楽を聞いてのほぼ衝動買いでしたが、本当に買ってよかったです！",0,2020/01/02 02:10:00,2020/01/02 02:10:00
191,11,22,55,簡易的な、ゼル伝BotWみたいな,"未クリアですが、10時間ほどプレイした感想を書きます。
ゼルダの伝説BotWを、かなりポップな感じにして簡易的にした感じです。
とまぁ、かつて小学生低学年の頃、ゲームボーイ版の夢をみる島を
あの頃プレイしてちゃんとクリアしてるので、内容はやっぱり殆んど一緒ですね。
通常モード・辛口モードが、BotWでいうマスターモードに似てたので
多分、任天堂さんも、BotWに意識的に似せている感じがしました。
小学生の頃、ゲームボーイで夢をみる島をクリアした時、ポロポロと大粒の涙を流して
いたのを思い出しました。

まだ未クリアで、クリアするまでどれくらいかかるか分かりませんが、
気長にプレイして、クリア目指します。",0,2020/01/02 02:10:00,2020/01/02 02:10:00
192,2,24,34,変わらぬ面白さ,"ps4でも散々やったのに、性懲りもなく購入しました。

テレビモードでも携帯モードでも、見た感じps4と遜色なく見えますね。動きも不自然な所はありません。（細かく見ればps4のが綺麗かなあ…）

タイトルからゲームに入る時のロードが、ps4より気持ち長い。始まってしまえばロードは皆無です。

実売価格で、ps4の2倍くらいの価格なんですよね。携帯モードでどこでも寝っ転がってやれる、という部分での違いですから、その辺りと価格差をどうとらえるかですね。

自分も2年ぶりですが、始めるとついついやっちゃいますね。最初は貧弱なキャラがどんどん強くなるもんだから、強くなりたい一心でやめ時を見失います。

アクションもそこまで難しくないので、気軽にできます。ソシャゲに近い手軽さと、中毒性があります。次々強い武器や防具が手に入り、新しい技もバンバン覚えていくのでね。

だけど、急激に燃え尽きるかのように飽きたりするんだよね…このゲームは。

追記します。
テレビモード、やっぱりps4よりは画質落ちるように思います。色味の鮮やかさとか、やっぱりちょっと劣るかなあと思います。あくまで主観ですが。まあ並べてやらない限り、そこまで気にはならないかもしれませんが、ps4は「めちゃくちゃ滑らか」に対して、スイッチは「まあ滑らかだね」って印象ですね。
テレビが大きくなるほど、その差がある気がします。

それから、外出先での携帯モードには少し注意です。
このゲーム、サーバーに一時的に接続して、報酬を貰える「シーズン」というモードがあるんですね。マルチプレイ以外全くサーバーに接続しないノーマルモードもありますが、報酬が素敵だし、何らデメリットもないので通常はシーズンモードでキャラクターを作ると思います。

が、シーズンモードだと、サーバーに接続しないとゲームが開始できないようです。つまり外出先でwifiに繋げる環境がないと、遊べないんですね。
そしてこのシーズンとノーマルですが、キャラを作る段階で決めるので、シーズンで遊んでたキャラをそのままオフラインでは遊べないんですよ。少なくとも自分はそうでした。

外出先でやりたいなら、ノーマルで作るか、スイッチをネットに繋げるようにしないとダメなんだと思いました。自分はとりあえず、スマホからデザリングで繋いでやりましたが。データ量は軽微だと思います。（自分の場合は10分で300kbくらいでした）

当たり前っちゃ当たり前ですが、ちょっと盲点でしたね。ついシーズン1択だと思ってたので。
そこまでして外出先でやりたいかはともかくとも、一応ご参考までに。",0,2020/01/02 02:10:00,2020/01/02 02:10:00
193,3,24,28,凄いやり込み度です。,"ディアブロ3PS3無印で一周で辞めましたが完全版という事でスイッチのを購入。
画質は気にならないくらいの良さです。一周目で辞めるつもりが携帯で手軽にどこでも出来るので最高のゲームになりました。ガノンドロフカッチョいい
やり込み度がハンパないですね。
ようやく理解できました何故PS4で人気で値段が下がらず高いのか。
新参者ならスイッチ版おすすめです。
これヤバイわー
何回もして舞うー笑笑
追記
このゲーム飽きたらやめたらいいんですよそして他のゲームクリアしてやる事無くなったら気がついたらまたしてますよ。
単純なんですひたすら周回しより良い武器とレベルを半永久に上げるだけです。
だからストーリー重視の人はクリア時点で飽きます。売ってしまいます。また買い直しやり出します。持ってる人は放置します。やるゲーム無くなったらまたしてます。
ただマルチでフレがスプラトゥーンの様にフレ募集が出来ないのでリアルでフレを頼み増やしていかないとマルチが寂しくなりますのでフレ募集は検索で調べて増やすかリアルで増やすかですがスプラトゥーンや他を利用し誘い増やすのも可能です。
シーズンが定期的に新しくなるので終わらないです。笑笑
繰り返しやるゲームですからストーリー重視の人は向かないです。
マイクラ好きにはクラフト関係なければハクスラの世界にハマります。
パラゴンレベルが気がついたら3580です。
また早く上げたい人はレベルの高い人に付いて行くと異常な速さでレベルが上がりますが楽しみは半減します。
パラゴンレベルがどこまでもあるので限度が自分も知りません確か世界中のトップの人は6500レベルとかいうのは聞きましたがそれでもまだまだ上がります。
どこまであるのやら・・・汗",0,2020/01/02 02:10:00,2020/01/02 02:10:00
194,4,24,41,是非ネクロマンサーで遊んで下さい。,"初めてのディアブロでしたが、最初は戦士みたいのでレベル20まで上げても全然成長しているのが実感できなく地味でつまらなかったのですが、保管庫に装備を預けてからキャラをネクロマンサー作成し、預けた装備をネクロマンサーへ装備させて進行させてたら、全く違う世界が広がりました。ド派手な攻撃と瞬殺していく爽快感
ドカドカ敵が倒れていき、サクサク進んで行きます。まだ遊んでなく悩んでいる人は買って間違いなしです。",0,2020/01/02 02:10:00,2020/01/02 02:10:00
195,5,24,99,手軽に楽しめる！,"あくまでも携帯モードの話ですが、ps4との比較ですがムービーが粗くなるくらいしか今のところ目につかないです。
気になる点はポーションのボタンがps4のLボタンからSwitch版のRボタンに変わってる点が戸惑いました。
まだ始めたばかりなのでこの先違いが気になる可能性もありますが横になって出来るのは他には無い利点だと思います。
基本的なグラフィックは元々が高くないゲームなので問題ありません控えめに言って最高ですね。",0,2020/01/02 02:10:00,2020/01/02 02:10:00
196,6,24,33,Diabloとケータイゲーム機を組み合わせたら人間が終わる,"diabloは2.3と、3に至ってはPC、PS4、そして今回のSwitchと3本買ってます
暗黒時代からやってたので、diabloが好きすぎるあまり主観がかなり入りますが、ソシャゲが流行ってる今、世界観がドンピシャでハマるのであれば是非やって欲しいゲームです

最初は弱いキャラをたんたんとストーリーを辿りつつ強くしていき、レベルアップと同時にスキルも覚えていきます
レベルアップ時に何かしら新しい変化が起きますのでコンスタントに快感を得ることが出来るのでそれが中毒の種だと思います

カンストしてからが本番なところもありますが、まずはストーリーを楽しんでほしいです

P.S
お正月休みでがっつりやれますが、その感覚で休みが終わると普通に寝不足になりまふ",0,2020/01/02 02:10:00,2020/01/02 02:10:00
197,7,24,55,ガンガン進むよ！,以前から興味がありましたが、今回初めてプレイしました。いまいちシステムとか理解出来てませんが(まぁ、これからやり続けていけば大丈夫だと思います。サイトも有りますからね)、ゲーム自体はサクサクと進められてますので問題無いです！武器等も序盤からガンガン手に入るので自分好みの性能のやつを選んでます。かなり奥が深いみたいなので投げ出さずにやって行きたいと思っています(＾∇＾)後は、ガイドブックみたいなのが出ないかな？とも思います！,0,2020/01/02 02:10:00,2020/01/02 02:10:00
198,8,24,68,まさか携帯モードでディアブロが出来るとは…,"PS4でも散々遊んだんですが、Switchで携帯できるディアブロということで再度購入。

いやー携帯機でディアブロ３はヤバイです…
ほんとこの年末こたつでゴロゴロしながらやってたらやめ時がわからなくてなり、気づけば何時まででもプレイしてしまっていて時間が吹っ飛んでますorz
画質や操作感覚なんかも気になるほどの劣化は無く、気に入ったら何年でも遊べるタイトルだと思うので、pvなど見て気に入ったら是非ともプレイしてみてほしいです。",0,2020/01/02 02:10:00,2020/01/02 02:10:00
199,9,24,59,はじめてのディアブロ,"評判がいいので前から気になっていましたが今回実質携帯ゲーム機で出るということで購入しました。
敵はワラワラ、エフェクトバンバンなのにフレームレートはヌルヌルで安定しています。携帯モードでです。
そこらへんが不安でパッケージ版購入したのですが完全に杞憂でした。ずっとプレイしそうなのでこれはDL版のほうがおすすめかもしれないです。
不満はやりすぎでバッテリーが持たないことくらいでしょう。満充電でも3時間くらいしか持たないです。嬉しい悲鳴ですがほんとあっという間です。
PCやPS4なら安く買えますがこのクオリティならフルプライスでも文句ありません。おすすめです。",0,2020/01/02 02:10:00,2020/01/02 02:10:00
200,10,24,36,やめどきが分かりません❗,"数年前、PS4でかなりヤリ込んだのに。

またドハマりしてしまいます。

ハクスラの金字塔だけあって、装備やスキルのビルドが楽しい。
小難しいことは極力排除された無駄のないゲーム設計。

膨大なビルドの遊び場を用意したので、どうぞ好きに永遠に遊んでください、ということか笑

簡単で奥深いビルドを初心者の方にもオススメします。",0,2020/01/02 02:10:00,2020/01/02 02:10:00
201,11,24,2,最高のゴロ寝スタイルゲーム！,"ディアブロとハクスラというジャンルが初めてですが本当にハマりました。

ネクロマンサーという職種から始めたんですがとにかく爽快です。

キャラを操作していて気持ちが良く、どんどん新しいスキルを覚えて行くので『次はどんな技を使えるようになるんだろう？』と楽しみながらプレイできます。

個人的にツボだったのが、
『冒険者が愛用する傷負いのサーベル』
『正気を吸う星明かりのモーニングスター』
『先導者これ粉砕すべし』
などの武器の名前がなんとも中二心をくすぐる所です。

ストーリーや登場人物の会話の言い回しも刺さります。

こんな楽しいゲームを横になりながら、のんびり楽しめるなんて幸せです笑
とにかくやめ時が無くずっと遊べてしまう爽快なゲームです。

私はダークソウルやスカイリム、ドラキュラ城月下の夜想曲などのゲームが好きだったので、これらのゲーム好きだった人にも近い感覚になれるかもしれません。

ダークファンタジー好きの方には本当におススメのゲームです。",0,2020/01/02 02:10:00,2020/01/02 02:10:00
202,2,25,29,久しぶりの高クオリティアクション,"改めてプラチナゲームスの開発力の高さを実感した。
ちょっと遊んだだけでもわかる楽しさだ。

二者一体のアクションはどんなものなのかと楽しみにしていたが、余裕で期待を超えるクオリティだった。
相棒として自動で動いてくれる「レギオン」との共闘がメインだ。
CPU操作のキャラクターは大抵のゲームではまともな働きをしてくれないが、このゲームでは違う。
多少の指示は出せるがほとんどは自動でガッツリ戦ってくれる。
レギオンの動きに合わせてあげたり、自分の動きに合わさせたりと自由自在に戦える。
また、レギオンと自分の間には常に鎖があり、それに絡めて敵の動きを止めることもできる。

カメラがかなりダイナミックに動くので、複雑な操作をしていなくてもめちゃくちゃかっこよくなる。
常にかっこよく見える角度にカメラが動いていくので爽快感がすごい。

戦闘はスピーディなのに考えることが多いので難易度はやや高めだ。
戦闘中は以下のことを考えながら戦う必要がある。
・自分の体力
・レギオンの体力（召喚していられる時間）
・自分とレギオンと敵の位置関係
・レギオンのスタイルの切り替え（近距離型、遠距離型など五種）
・協力技の発動タイミング
他にも細かいことはたくさんあり、レギオンで時間稼ぎをしながら自分は回復など、工夫次第でいろんな戦い方ができる。

それから回避もしっかりしないとやられてしまう。
普段アクションゲームをしない人には難しい部分もあるが、「守護モード」という公式チートのような機能もある。
自動回避など様々な補助機能が用意されているので、アクションの難易度をかなり細かく調整することができるのだ。
個人的にはこの機能は邪魔に感じることが多いので切っているが、二周目などにサクサク進めたいときには便利そうだ。

また、アクション以外の面もよくできている。
事件の捜査パートもあり、SF的なガジェットを駆使して事件の真相を調べていく。
特にコンタクトレンズにAR機能をもたせたアイテムが楽しい。
他にもレギオンを使ってステルスゲーム的な要素もあったりする。

グラフィックはゴッドイーターに近いものを感じるが、あちらほどの厨ニ感はないしモーションの滑らかさが全く違う。
国産のゲームでは稀にみるクオリティだ。

気になる点としては、レギオンの成長画面の操作がめんどくさいくらいだ。
新しい技を得ていくのはいいが、パラメータを強化していくのは別にいらないかなと感じた。

しかしほどんど不満点はないので、ここ最近では最も気に入ったゲームだ。",0,2020/01/02 02:10:00,2020/01/02 02:10:00
203,3,25,54,楽しい❣️,"主人公とレギオンを同時に操作するという本作の特徴の「デュアルアクション」は決して簡単ではないものの、順を追って習得していける優しい作りになっている上に、トレーニングルームで納得いくまで訓練を積むこともでき、さらに、ゲームを進めることでスキルを獲得したり基礎能力が上がり より快適で多彩なアクションができるようになっていくので、ひたすらに楽しいです。（アクションが苦手な人向けに、任意のアクションにオート機能を割り振れる「守護モード」も用意されています）
各レギオンの特徴を活かしたユニークな捜査や探索ができる捜査パートも良い感じです。
アクションだけでも楽しめる本作ですが、サブイベントやおまけ要素も豊富でアクションが得意というわけでもない人でもやりこみ甲斐のある作りになっていると思います。",0,2020/01/02 02:10:00,2020/01/02 02:10:00
204,4,25,87,アクションの新境地!(でもアクション苦手でも大丈夫),"海外の大手レビューで軒並み絶賛されているらしいので買ってみました。
アクションの幅がもの凄ーく広いです。
センスの良い近未来の街を探索するだけでも楽しい！ 操作パートからイベントへの移行がスムーズで世界観にグイグイ引き込まれます。
キャラメイクできてダサい胸当ては即外せます。早い段階でカラーチェンジできて、少しずつアクセサリーも増えていきます。

アクションについて、まず主人公キャラとレギオンの2体を左右のスティックで同時操作するのが新鮮で面白いです。
レギオンの移動もカメラの操作も右スティックなので、カメラ操作は早めに使いやすいように調整した方がいいと思います(レギオンは自動で攻撃してくれるので、適宜指示するだけでも大丈夫です)。

5種類のレギオンはストーリーを進めると解放されていき、それぞれ固有のアクションがあり、アビリティなどでさらにカスタマイズできます。盛り沢山すぎる位なんですが、トレーニングモードで好きなだけ練習できます。
難易度はスタンダードで6段階の戦闘評価があり、各章をクリアするとアルティメットが解放されます。アクションの苦手な方向けにはカジュアルと自動戦闘でコンテニュー無限のスーパーカジュアルがあり、カジュアルとスーパーカジュアルは途中で切り替えることができます。自動戦闘で何を自動で行うかは細かく設定できます。
アクションの上手い方が極めたらとんでもない変態ムーブを連発できそうな一方、アクションが苦手でもRPG的に楽しむことも可能なので、どなたが手にとっても最後まで楽しめると思います。",0,2020/01/02 02:10:00,2020/01/02 02:10:00
205,5,25,14,前評判メタスコア88点！神ゲー。,"前評判がすごく良くて、発売直前まで買おうか、ずっと迷っておりましたが、買って正解です！
期待してた通りの面白さで、コレクターズエディションについては、設定資料集とサントラCDが付いており大変満足しております。
ありがとう、アストラルチェイン！",0,2020/01/02 02:10:00,2020/01/02 02:10:00
206,6,25,98,さすがプラチナゲームズ（と田浦さん）と言わざるを得ない脳汁ドバドバの爽快アクションゲー,"プラチナゲームズ開発な上に、ニーアオートマタで戦闘面を担当されていた田浦さんの初ディレクション作品ということで、発売を心待ちにしていました。
ストーリークリア（そこそこ寄り道して、14時間ほどでクリア）しましたので、その上でのレビューになります。

【アクション】
アクション面は大満足です。触っていて非常に気持ちがいいです。
ついつい時間を忘れてプレイしてしまいます。BGMもかっこよくて、テンション上がります。
操作はやや複雑というか、使うボタンの数が多い気もしますが、序盤はストーリーに合わせて徐々に新規アクションが追加されていく形になるので、ちょっとずつ慣れていくことができます。この辺のバランス感は素晴らしいと思います。
また、初心者救済措置もしっかりあるので、アクションゲームが苦手な方でも楽しめるようになっていると思います。
ちなみに、ZR攻撃では指が疲れると思うので、オプションでY攻撃、ZR回避にすると遊びやすいと思います。

欲を言えば、もう少し難易度高めだとよかったかもしれません。1週目の最高難易度""拮抗""（2週目はさらに上の難易度があります。）でプレイしてましたが、全体的に簡単でした……と言いたいところですが、ラスボスだけ異様に強くて、苦戦しましたｗ
でも、アクションゲームの最高難易度としてはかなり歯ごたえあったので、他のボスもこれぐらいの難易度だとよかったなぁと思いました。

【捜査パート】
捜査パートは、「捜査パートが長くて面倒くさくて、アクションパートが全然なかったらどうしよう…」なんて心配をしていましたが、一つ一つの捜査パートはそこそこ手短に終わりますし、遊び心（サッカーボールを蹴れたり、空き缶をゴミ箱に捨てられたり）もあるので、楽しめました。
アクションパートをずっとやるのは疲れるので、捜査パートが休憩になってちょうどいいです。
ただ、中盤以降、アストラル界での謎解きみたいなのが多く出てきましたが、正直、これは面白くなかったので面倒でした。
ゼルダみたいに頭を使うようなものならともかく、ただの作業でしかありませんでした。おまけに、アストラル界って見た目が全部一緒なので、飽きてきますし…

【世界観・ストーリー】
世界観は最高です。バイクでの出撃シーンなど、細かなSFの演出にシビレます。
ふと思えば、こういう攻殻機動隊（？）っぽい世界観のゲームってあまりないですよね。
ただ、ストーリーはありきたりというか、ごくごく普通でした。まあ、アクションゲームなのでこんなものでしょう。

【総評】
不満点もややありますが、新規IPであるということを考えれば、全体的にクオリティの高い作品だと思いました。期待以上でした。
久しぶりに、面白いアクションゲームに出会えてよかったです。
次のプラチナゲームズ（ベヨ3かな？）、田浦さんの作品も楽しみです。",0,2020/01/02 02:10:00,2020/01/02 02:10:00
207,7,25,5,グラフィックが綺麗！,"とても派手な感じでグラフィックも凄く綺麗で世界に引き込まれる感じがあります！
主人公を操作しながらレギオンも扱いつつ多彩な戦い方があり面白いです！
バトルだけではなく操作でもレギオンを使ったりしてバトル以外にも楽しむ要素がありとても良いです。
アクションゲームが苦手な人もプレイスタイルを細かく変えれるので自分の好きな感じで出来てやりやすいと思います！",0,2020/01/02 02:10:00,2020/01/02 02:10:00
208,8,25,66,確かな品質の上にユニークさをプラスしている,"今まであなたが手こずったゲームの敵キャラを想像してほしい、今作ではそんな敵を鎖でぐるっと囲むと拘束できタコ殴りにできるのである

これは人類が新しく体験する出来事で、中毒性があることを任天堂とプラチナゲームズは発見した

今作は任天堂とプラチナゲームズの実験の成果をお披露目するソフトであり、アクションゲームにおける、斜め上の未来を示してくれたようだ

彼らのコツコツとした努力は身を結び、いつも私達を驚かせてくれるが、今作では序盤の多少間延びする世界観の説明を凌げば最高品質のアクションを楽しむことができる

私が最初の印象から大きくギャップを感じた点を挙げると相棒であるレギオンは思った以上に勝手に戦う、その上で要所要所支持を出しながら自分も戦うという具合だ

次に主人公の名前にアキラと名付けるのはオススメしない、もう片方の双子がアキラを名乗るからだ、ちなみに主人公は喋らない

多少クセのあるゲーム性だがそこにプラチナゲームズの良さを感じ、それをフォローするかのように触り心地の良さを任天堂演出している

アストラルチェインは間違いなく、Switchの新作アクションとして不動の地位を築くだろう。同スタジオが開発したベヨネッタやニーアオートマタが好きな人は勿論、ゼルダをクリアして次の大型新作アクションを探している人にオススメできる品質だった",0,2020/01/02 02:10:00,2020/01/02 02:10:00
209,9,25,46,プラチナゲームズの傑作,"13時間くらいを遊んだ経験に基づくレビューです。
部分ごとにわけます

ゲームプレイ:
RPGとアクションの要素は丁寧に作られました。
ハクスラとして爽快感があり、深く楽しい戦闘システムといっても操作しやすいです。
警察としての捜査はRPGでいうと街とか村を探索することです。ちゃんとしたサイズのエリアに手に入れるギミックで隠し要素などを手に入れりつつ本編を進みます。
サイドクエストもちゃんとしたストーリーがありクリアするのは楽しいです。
一人で複数レギオンを操作するという凄い新鮮なゲームシステムは見事にデザインされて開発されました。

ダンジョン:
アストラル界はダンジョンの役であり、
敵と戦ったり宝を見つけたりします。
ちゃんとしたパズルと隠し道などはモリモリで
飽きません。

音楽:
テクノやオケ系など様々なジャンルがあり、今年1番のサントラといっても過言ではありません。

グラフィック:
スイッチにしてもグラフィックは綺麗、さすがしっかり作られたデザインはハードウェアの力を超えると思います。
UIなどもニーアやペルソナのように個性があり今まで見たことないデザインで素敵だと思います。
モデル、シェーダー、テクスチャなどはプラチナゲームズの期待通りです(いい意味で)

悪い点:
個人的な意見ですけど主人公は喋らないのはとても残念です。人形を操るような感じになり感情移入はできません、とても残念だと思います。
喋らない故に会話は不自然に感じることが多いです。

あとはマルチプレイ自体はマルチプレイとは言えないくらい中途半端なものです。
クオリティの高い作品にこういった微妙な出来な要素を取り入れるのは残念です。

結論:
唯一無二のゲームです。RPGとハクスラ好きな人にはたまらないと思います。クオリティが非常に高く遊ぶ価値はあります。
プラチナゲームズにはありがとうございます。",0,2020/01/02 02:10:00,2020/01/02 02:10:00
210,10,25,71,どれをとってもかっこいいアクション！！,"switchのソフトとしては珍しくお高いお値段ですが、それに見あった面白さ、クオリティは確かにあります！

アクションはカッコいいのはもちろん、ステージの雰囲気がとてもよく作り込まれており、敵の攻撃エフェクトなども敵ながらカッコいいですw
ストーリーもこれまたよく作られており、普通にたのしい、BGMも本当に良い！

サブミッション的なのもあり、やりこみ要素もそこそこあって長らくは楽しめそうです。
ただ、戦闘ではなくサブミッションなど日常の操作が少しモッサリしているというか重い気がするので、そこはちょっとストレスだったかも？

総評としては、戦闘のかっこよさ、ストーリーの盛り上がり、BGMどれをとっても素晴らしいデキだとおもいます。
夏の最後に良いゲームに巡りあえました！",0,2020/01/02 02:10:00,2020/01/02 02:10:00
211,11,25,64,アクションゲームの最高峰だと思います,"今までレビューを見る側でしたが、あまりにも楽しいので初めてレビューを書きます。

プレイ時間は現在約60時間程度です。メインストーリーのクリア自体は恐らく20時間程あればできると思います。個人的な感想ですが、クリアしてからのやり込み楽しいゲームです。

良かった点
・レギオン（スタンドみたいなもの）や武器の個性がはっきりしていて、状況によって戦い方を変える楽しさがあります。プレイヤーも回避だけでなくレギオンを使ったパリィが可能なので、戦闘が単調になりにくい。
・レギオン毎に色を変えられて、その人だけのレギオンが作れる（個性がでる）。
・やり込み要素が膨大。実績機能あり（185項目）。加えてストーリークリア後、戦闘だけをするサブクエストが開放されます（71ステージ）。全然終わらねえ
・一々ロマンがすごい（大事）。アームレギオンを初めて体に装着して拳のラッシュを繰り出した時は発狂しました。ﾌｵｵｵｫｫ
・難易度変更がいつでも可能。アクションが苦手な方からアクション大好きな方まで楽しめるようになってます。難易度拮抗（ノーマル）以上ではリザルト画面での評価あり。加点方式なので最高評価もそこまで難しくありません。
・レギオンに装着するアビリティが敵を倒したときランダムに落ちるので、若干のハクスラ要素があります。これも結構沼
・お尻への情熱を感じる

良くなかった点
・レギオンの成長や武器の強化に必要な素材が、ドロップでなく初クリア報酬や実績の解除によって得られるものなので、終盤になるにつれて素材の確保が大変です。良くも悪くも周回プレイ前提。
・レギオンを定期的にメンテナンス（汚れにカーソル合わせてZR）する必要があるのだが、ぶっちゃけこれは要らないと思った。
・レギオンのカラーリング、装備、装備のカラーリング等はほとんどが実績解除による報酬。解除はそこまで難しくないけれど、初めから色や装備を変えたかった。
・ストーリーで若干気になる点があった。おめえ結局何がしたかったんやジェダ。

ジャンプができないというレビューを見ましたが、チェインジャンプというものを使えばレギオンのいる場所へジャンプすることができ、空中にいる敵にも近接コンボを繰り出せます。私のような近接大好きな脳筋でも安心な設計でした。

ストーリーを進めるにつれてやれることが増えていき、2周目に隠しアイテムなども回収できるようになるので、周回プレイも楽しいです。

捜査パートや謎解きばかりで戦闘が少ない！というレビューも、ストーリーをクリアしたら思う存分戦闘が楽しめるので要らぬ心配かと。

書きたいことを書きまくったレビューなので見づらかったらすみません、、、
他のゲームにはないプレイヤーとレギオンを操作するデュアルアクション。気になった方は買ってみてはいかがでしょうか。",0,2020/01/02 02:10:00,2020/01/02 02:10:00
212,2,26,39,バイオシリーズファンの感想,"私は発売された順にゲームと映画をプレイ、鑑賞してきましたが、久々に4をやってみて天才！の一言ですね。
これを創り上げたCAPCOMのスタッフはまさに天才だと思いません？
気を抜いたら殺られる状況で、ようやくタイプライターの所にたどり着いたら、心を落ち着かせるBGMが流れリラックスタイムに突入。
バイオハザード4のセーブルームには、重火器を大量に所持している謎の武器商人がいるのでかなりの安心感があります。
しかも場所によっては、セーブルームに射撃場まで完備され、その場で使う銃や弾は商人が無料提供！さらには景品まで貰える！
結果、1時間以上セーブルームにこもり、このまま「出たくない」の一言…",0,2020/01/02 02:10:00,2020/01/02 02:10:00
213,3,26,95,一番好きな作品,バイオハザード4はps2、ps3とやっていました。ps4でも出来るのは最高です！,0,2020/01/02 02:10:00,2020/01/02 02:10:00
214,4,26,20,新鮮,バイオハザードシリーズ初プレイです！たくさん出ている中で4がおすすめとの記事が多かったので購入してみました。まだ序盤をやっただけですが面白いです。本当に何も知らない状態でやれるゲームは全てが新鮮でいいですね。4をクリアしたらまたバイオハザードシリーズを購入しようと思います(^ ^),0,2020/01/02 02:10:00,2020/01/02 02:10:00
215,5,26,48,めっちゃ面白いです。,"ps2ではまってたので、まさかps4出来るとは思いませんでした！お値段もお手頃で言うことなしです。

ストーリー、アクションやミニゲームも楽しめてバイオの中で1番好きです。",0,2020/01/02 02:10:00,2020/01/02 02:10:00
216,6,26,64,ボリューム多くて楽しめました,"発売当時は遊んでおらず、PS4にて初めて遊びました。
こんなにボリュームあったのか！　と感心しました。
２周目も楽しんでいます(^^)",0,2020/01/02 02:10:00,2020/01/02 02:10:00
217,7,26,51,良い,"アクションが面白い。値段も安価ですしいいですね。
お勧めです。",0,2020/01/02 02:10:00,2020/01/02 02:10:00
218,8,26,18,満足！,彼は大満足してた。笑　よかったね！,0,2020/01/02 02:10:00,2020/01/02 02:10:00
219,9,26,27,PS2版より綺麗で怖い,PS2版より綺麗な画像でゲームができて怖さが倍増です。,0,2020/01/02 02:10:00,2020/01/02 02:10:00
220,10,26,13,いろいろと楽しめる,"以前からPL2の時からバイオシリーズはやっていて今回まだイージーモード
は終わらせたけどいろいろとパターン
を変えて出来るみたいなので
いろいろと楽しみ中",0,2020/01/02 02:10:00,2020/01/02 02:10:00
221,11,26,80,やっぱり面白い,"バイオシリーズの中でも人気の4ですが
また リマスターかと思いきやさすがに映像の綺麗さを見ると購入して大正解です。
何より低価格で嬉しい！
４は特にやり込み要素もありハンドガンのみの縛りプレイなど何周も回っても飽きないです。
映像を眺めているだけでも楽しくて、やっぱり4はバイオの神ゲー最高ですね！",0,2020/01/02 02:10:00,2020/01/02 02:10:00
222,2,27,40,コスパ抜群のメトロイドライクなアクションゲーム,"評判がよく、メトロイドやキャッスルヴァニアのようなマップ探索アクションゲームらしいということで購入
・噂に違わぬ出来栄え。マップも広く、アクションも程よく難しく、やりごたえがある
・探索ゲームはやはり熱中しやすい。持ち歩いて続きが遊べるSwitchには最適なゲーム
・キャラクターがかわいい。ダークな雰囲気だけど和むのでホラー系が苦手な女性でも楽しめそう",0,2020/01/02 02:10:00,2020/01/02 02:10:00
223,3,27,80,幻想的な世界観,"ネットで話題かつ、セールで700円だったので購入。
これがインディゲームだなんて驚きます。
こういったインディゲームは基本的に購入しないのですが、ゲーム画面の滑らかさ、シンプルかつ素直な操作感など驚きの連続。

サッとクリアするだけならまぁまぁ、完全にやり込もうとするとかなりの難易度になります。

アクションの派手さはなく、硬派なゲームですのでデビルメイクライなんかが好きな方にはおススメしにくいですが、魔界村などか好きな方にはおススメ。

世界感はかなり暗めの風の谷のナウシカ…みたいな感じでしょうか？？
映画序盤の王蟲の亡骸を爆弾で壊すシーンの空気が好きな方はきっとこの世界観にハマりますw",0,2020/01/02 02:10:00,2020/01/02 02:10:00
224,4,27,8,最高のダンジョン,めちゃくちゃ面白い。ダークソウルの世界観をぎゅっとまとめた感じで虫たちの哀しくも儚い冒険が心を熱くさせる。分岐した道の右ルートを完全制覇したあとわざわざ戻って左ルートの行き止まりのその奥まで剣で叩いて隠し通路がないか探せる人には最高のソフト。この内容でこの価格、恐れ入りました。,0,2020/01/02 02:10:00,2020/01/02 02:10:00
225,5,27,47,驚くほどの名作,やり込み要素があり、効果音一つとっても心地いいし、何といっても世界観がいい。アクションがとても苦手、という人は挫折してしまうかもしれないが、普通にアクション好きだよって人なら通常クリアはできるかと思います。真エンドみるのに数十回チャレンジが必要でした。後半の苦痛の殿堂はアイワナをしている気分でした。どのボスもパターンさえわかれば倒せます。Switchの中ではゼルダBotWの次にお勧めです。,0,2020/01/02 02:10:00,2020/01/02 02:10:00
226,6,27,22,コスパ高し！,"セールで半額になっていたので購入しました
これだけのボリュームでこの値段はすごいです
ロックマン、魔界村並に難しいですがやりがいはあります
お子さんよりファミコン世代のお父さんにお勧めです",0,2020/01/02 02:10:00,2020/01/02 02:10:00
227,7,27,35,可愛い・面白い・音のいい,"雰囲気がすごくいい．色々なステージで異なった雰囲気が楽しめ，そのそれぞれで音がいい．音楽もいいが，特に「雨音」が心地よく，そのステージでずっとぼーっとしていたい気になった．そして暫くぼーっとしていした．
雰囲気だけでなくゲーム性もとても良かった．特に自分のスキルが上がっていく感覚が楽しく，出来なかったことが出来ていくこと自体が非常に楽しい．
攻略など何も見ないで手探り感を楽しんだが，もう一度記憶を無くしてやりたい．",0,2020/01/02 02:10:00,2020/01/02 02:10:00
228,8,27,67,コスパ最強です,"評判が良いので買いました。
可愛いグラフィック、探索の面白さ、適度な難しさ、どれを取っても大満足です。",0,2020/01/02 02:10:00,2020/01/02 02:10:00
229,9,27,44,この価格でこの出来は買いでしょう,"まだクリアしていないですが、徐々に出来る事が増えて探索できる範囲が増えていくのが楽しいです。少し難度が高いけど、ハマりました。
自分はこういうゲームが好きというのを改めて知る事ができ、買って良かったです。",0,2020/01/02 02:10:00,2020/01/02 02:10:00
230,10,27,59,ホロウナイト最高,ホロウナイトめちゃめちゃ楽しいです。これは全人類買うべき。,0,2020/01/02 02:10:00,2020/01/02 02:10:00
231,11,27,79,かわええ,可愛いグラフィックでも結構難しいそして何より楽しい♪,0,2020/01/02 02:10:00,2020/01/02 02:10:00
232,2,28,92,新たなデートスポット,"何年ぶりだろうか。
嫁とゲームをやったのは。

二人でジョイコンを振ってポケモンを捕まえる。
それは単なる協力プレイではなく、二人で作り上げる共同作業。おそらくケーキ入刀以来であろう。
ポケモンの世界にどっぷり浸かれる。新たなデートスポットを見つけました。",0,2020/01/02 02:10:00,2020/01/02 02:10:00
233,3,28,93,システム大幅変更。賛否両論ありそう。でも自分は好き。,"かなりシステムが変わりましたね。
現在、お月見山散策中です。
今までは野生ポケモンは完全ランダムでどこから出てくるかわかりませんでしたが、今作はどこに出てくるのかがわかるので、戦いたくなかったら避けるように動く、欲しいポケモンがいたら近づいて触れる。
それだけでなく、野生ポケモンとの戦闘はないみたいですね。
完全に捕獲イベント。
捕獲方法もポケモンGOに近いです。

他にも、メニューからポケモンボックスという、今まででいうポケモンセンターのパソコンのような機能があったり、野生ポケモン戦が捕獲イベントになりモンスターボールの消費が凄いのを考慮してるのか、トレーナー戦に勝つとモンスターボールやスーパーボールをもらてたりなど、かなりシステム変わりました。
ただ、全作をやってきてますが、これはこれで楽しいと自分は感じます。
好きなポケモンが出てきたらエンカウントし、捕まえる。
嫌いなポケモンは避ける。
また、ポケモンを捕まえる楽しさが今までの作品と比べてかなりあります。

ただ、何度も言っている通りに、システムがかなり変わったので、もしかしたら今までと違いすぎて嫌いな人も出てきてしまうかも。
今までのポケモンをやってきた人は賛否両論になりそうな感じがします。

グラフィックやBGMに関しては、Switchという最新ハードをフル活用してる気がします。今までは、あくまで「ゲーム」の世界に入った感じになったのが、今作は「アニメ」の世界に入ったかのような気分になります。とても素晴らしい。

今後、さらに進めていけばまた違った面が出てくるかもしれませんが、今のところ自分はめちゃくちゃ面白いと感じています。

....ネタバレになってしまうので以下は注意。
カビゴン戦はバトルからの、倒したら捕獲イベントという流れでした。ポケモンGOでいうレイド戦みたいな感じ。
どうやら今後もこのような流れがあるそう？
BGMも違ってまた良き。",0,2020/01/02 02:10:00,2020/01/02 02:10:00
234,4,28,69,ＣＭのムービーに惚れて,"子どもの頃にみた夢そのままなコマーシャルで、惚れこんで買いました。
昔懐かしくかつ今の時代に合わせた作りで楽しめています。",0,2020/01/02 02:10:00,2020/01/02 02:10:00
235,5,28,40,ゲットシステム意外と好き,"ポケモンじゃないなどとレビューがありますが、このシステムは事前に情報としてあったので特に不満もありませんでした。今回のポケモンはコンセプトが違うと思うので、バトルしたい人達は来年を待ってくださいって感じです。
私は、ポケモンGOのようなゲットシステムは新鮮で楽しく感じています。
あと、イーブイかわいい。",0,2020/01/02 02:10:00,2020/01/02 02:10:00
236,6,28,57,ネガティブキャンペーンがひどい,"購入していない星一つのレビューが多すぎる。
今作のポケモンは野生のポケモンのバトルが廃止され(トレーナーとのバトルは従来通り)捕獲が重点となっています。
そのかわりにがくしゅうそうちがなくとも手持ちポケモン全体に経験値がもらえ、ポケモンを捕まえ続けると多くの経験値が貰えます。
捕まえたポケモンを博士に送ると能力値を上昇させるアメがもらえやりこみたい方も楽しめます。
ヤマブキシティあたりですがフリーズやバグがありませんしプレイするのに支障は
ありません。
確かに従来のポケモンとの違いから賛否両論なのはわかりますが星一の購入していないレビューが明らかに多かったのでレビューさせてもらいました。",0,2020/01/02 02:10:00,2020/01/02 02:10:00
237,7,28,77,好きです,"ゲームの世界観、ポケモンたちの可愛らしさ、システム共に私は好きです。初代ゲームボーイ版からプレイしていますが、これはこれですね^_^

ゲームの世界観やプレイスタイル、これらは前もって公式にも紹介されていましたし、youtubeでもプレイ動画いくつか紹介されていたはず

この世界観が苦手な方は合わない方いると思いますが、ポケモンgo やってる方なら好きな方多いのではないかな？と思いました。小さい子にもやらせてあげられるし家族で出来るのでとても楽しいです。
73人のお客様がこれが役に立ったと考えています",0,2020/01/02 02:10:00,2020/01/02 02:10:00
238,8,28,2,初代ポケモン世代として子どもにも買い与えたい１本。,"私は初代ポケモン世代ですが近年はなかなかポケモンが遊べていませんでした。
そんな中、2016年にポケモンGOが登場し、ウォーキング中に遊んでいます。

本作は初代ポケットモンスター ピカチュウver.をベースにリメイクしつつ、新たな要素やポケモンGOの要素を取り入れたものになります。
やせいのポケモンはGO方式、トレーナーとのバトルは今まで通りあります。

オンライン対戦がないと嘘のレビューがありますが、本作には簡易ですがちゃんとオンライン対戦もあります。
嘘のネガキャンレビューには気をつけましょう。

グラフィックは初代をベースに今風にしていて、トキワの森の木漏れ日がとても綺麗でした。
小さい子でも遊べそうなのは安心です。遊べそうな年齢になったら子ども用にも買ってあげようかなと思います。",0,2020/01/02 02:10:00,2020/01/02 02:10:00
239,9,28,26,面白いですよ。,"なぜか批判が多いですが
とても楽しめてます。

全てのタイトルをリアルタイムでプレイ来てきた20代ですがとても新鮮で楽しいです。

ただ、低評価のレビュー見たらわかる通り、
ガチ勢には物足りないゲームだとは思います。
厳選などではなく、
純粋にワクワクする冒険や相棒との触れ合い、暖かい気持ちになりたい方は手に取られてみてください。",0,2020/01/02 02:10:00,2020/01/02 02:10:00
240,10,28,3,これはこれで有り,"忙しいリーマンが隙間時間でやるには、野良バトルがカットできるためサクサク進めて良い。

バトルガチ勢の方は不満かもだけど、ポケモンエンジョイ勢には満足できる仕上がりになってると思う。

あと、イーブイにしてよかった。",0,2020/01/02 02:10:00,2020/01/02 02:10:00
241,11,28,39,開始24時間クリアした感想,"他レビューにもあるとおり子供とGOユーザー向けです
属性の相性などありますがGB番より影響度が低い印象です。

発売前より「GO操作に似てる」とあったのでバトル要素が減るかと思いきや
ちょっと歩けばすぐ絡まれる程にめちゃめちゃ人が立ってます。
あまりに絡まれるので途中眠くなってきましたが
エンジョイプレーでそれなにりポケモン（伝説含め）もあつめつつ、
24時間で四天王を倒し「おわり」を迎えました。

バトル、ポケモン集めのやりこみ要素は正直もうちょっと欲しいですが
（あとプロコン対応してほしい）これはこれで楽しかったです。
ピカチューがめちゃめちゃ可愛いです。
クリア後のピカチューが一番キュンキュンきました。

追記ですが、そんなにゲームがうまくない私でも割とすぐクリア出来たので
すぐに中古で出回ると思います。",0,2020/01/02 02:10:00,2020/01/02 02:10:00
242,2,29,63,子供には十分,"大人にはかったるい部分も多いし実際直ぐに飽きてしまうのだが
小4を筆頭に３人の孫たちは喜んで遊んでいるので、そこそこ良いと思う。",0,2020/01/02 02:10:00,2020/01/02 02:10:00
243,3,29,86,息子に買いましたが…,"家族でハマってます。
ミニゲームがたくさんで、楽しいです。",0,2020/01/02 02:10:00,2020/01/02 02:10:00
244,4,29,10,5歳、7歳、9歳、親！,難しくないので、ゲームに不慣れな親も楽しめました。,0,2020/01/02 02:10:00,2020/01/02 02:10:00
245,5,29,35,小さい子供と家族向け,小さい子供は楽しいと思います。しかし、大人はすぐにあきると思います。,0,2020/01/02 02:10:00,2020/01/02 02:10:00
246,6,29,51,マリオ最高😃⤴⤴,娘が夢中になり家族で楽しみながら遊んでます。,0,2020/01/02 02:10:00,2020/01/02 02:10:00
247,7,29,23,やっぱりマリオシリーズ,"子供達が楽しく遊んでいます。
買って良かった^_^
マリオシリーズは間違いなし！",0,2020/01/02 02:10:00,2020/01/02 02:10:00
248,8,29,72,Switchパーティゲームの一角を担う,"今まで一番面白いマリパ、
新しいモードのリズムと2vs2すごろくはすごい新鮮、トイパーティの野球は野球盤みたいできるのは2人も4人もワイワイ楽しめる",0,2020/01/02 02:10:00,2020/01/02 02:10:00
249,9,29,82,最高でーす‼️,"最高でーす‼️
家族みんなでワイワイしてやっています。
本当に楽しいでーす(^^)",0,2020/01/02 02:10:00,2020/01/02 02:10:00
250,10,29,46,家族で楽しむゲーム,"ライトユーザー向けの、家族で楽しめるゲームです。
長期の休みに親子三代で盛り上がれると思います。

以下、ソフトウェア内に含まれるそれぞれのゲームについてレビューします。

･マリオパーティー
すごろくです。
星を集め、星を一番多く手に入れた人が優勝します。
キャラクターによって独特なサイコロがあったり、仲間を増やせたりとなかなかおもしろいです。
しかし、運の要素が強く、ぎりぎりで勝ったかと思うと、最後にわけの分からない特典が入り逆転されたりします。
戦略性はあまりなく、バランスもいまいちな気がしますが、子どもと盛り上がるのには良いと思います。
親子三代でどうぞ。

･マリオパーティー 2 ON 2
マリオパーティーの2対2バージョンです。
子どもがまだ小さい場合、親子でチームになって、コンピューターと闘うと面白いと思います。

･リバーサバイバル
ボートで川下りをするゲームです。
なかなか難しいです。
四人の連携が試されます。

･なりきりビート
簡易リズム天国です。
リズム天国が好きな方は楽しめると思います。
リズム天国に比べるとライトですが、ノリノリで楽しめます。

･ミニゲームモード
ミニゲームだけをひたすらやることが出来ます。

難易度が低く、家族で盛り上がれるゲームです。
一人でやるのはつまらないと思いますが、ご家族と一緒にゲームしたいときは、このゲームは最適だと思います。",0,2020/01/02 02:10:00,2020/01/02 02:10:00
251,11,29,88,ゲームは楽しい,本体買ってから少し放置しましたが、このゲームのおかげでまた遊び始めた。,0,2020/01/02 02:10:00,2020/01/02 02:10:00
252,2,30,62,完成度の高い横スクロールアクション,"2Dアクションの王道を行く完成されたソフト。基本的にはリメイク
作品なのだが、トッテンとキノコが操作可能になったりおすそわ
けプレイで4人まで同時に遊べるなど新鮮さは充分感じられる。
ただし多彩な見せ方を提供してくれてるわりには、、ゲームシス
テム的な進歩が感じられないところが残念。つまり万人向け
の安心して遊べるマリオってとこかな。いずれにせよアクション
ゲームとしては良質で安定感抜群のソフトであることには違いない。",0,2020/01/02 02:10:00,2020/01/02 02:10:00
253,3,30,45,大人も楽しめる,"wiiUをせずにスイッチにて初めてプレーしましたが、大人でも楽しめるシンプルな形でした。ファミコン・スーファミ世代の私にとってどこか懐かしさもあって、一つ一つのデザインやキャラクターがとてもかわいかったです。
オデッセイのような世界観も楽しいですが、横スクロールのならではの楽しさもマリオはあるんだなと感じました。",0,2020/01/02 02:10:00,2020/01/02 02:10:00
254,4,30,24,3日でクリアー,"1日90分くらいで3日くらいでクリアーしました。
星のカービィよりかはボリュームはあります。
ルイージのステージはまだやってないので
まだまだやり込めそうです。

小学2年生ではクリアーが困難で
小学高学年から向けだと思います。

無敵のトッテンがいるので
ホントにすぐクリアーできて楽しいです。
wiiの2Dマリオは途中でクリアー困難なステージが
あり途中で断念しましたが
スイッチマリオは最後まで安易にクリアーできて
楽しかったです。",0,2020/01/02 02:10:00,2020/01/02 02:10:00
255,5,30,81,安定の面白さ,"昔ながらのマリオだしやっぱ2Dは懐かしくもあるし楽しい。Wii U版やってないので楽しめました。
あと何人かゲーム内容ならともかくただの移植でガッカリだとかの低評価は本当勘弁して欲しいです。パッケージにもちゃんと書いてあるしちゃんと確認しなかった自己責任ですし。",0,2020/01/02 02:10:00,2020/01/02 02:10:00
256,6,30,71,親子でマリオ,"wiiu版との比較はできませんが、純粋にこのゲームのみを捉えた感想として。

初めてマリオをプレイしたのは小学生の頃。

ファミコンの初代マリオブラザーズを父親がプレイしているのを見て、コインばかりのステージだけをやらせてもらってました。
他のステージは難しくて全然ダメだったけど、教えてもらい、四苦八苦しながらプレイした記憶があります。

あれから３５年〜自分も父親となり、子供と一緒にマリオとルイージでプレイできる喜びは何とも言いがたいものがあります。
それも、同じステージで、互いにマリオとルイージを動かして「早く来い」とか言い合って、助け合いながらプレイができます。

また、小さい子のように不慣れなプレイヤーのために、キノピコ（穴に落ちても死なない）やトッテン（無敵）等のキャラまで用意されており、下手でも楽しめます。

それだけで、◯◯のステージがどうとか、あのキャラの使用感が、とかは全くどうでも良くなります。
素直に親子で楽しくゲームのひと時が楽しめるマリオをスイッチで発売してくれたことに感謝したいです。",0,2020/01/02 02:10:00,2020/01/02 02:10:00
257,7,30,80,なぜかWIIU版より面白い,"以前、WIIU版も購入してやりました。その時は、最初の方のｽﾃｰｼﾞをやって、やめてしまいました。
そのため、あまり期待をしてなかったのですが、今回は楽しい。
理由は、携帯モードでのプレイ。ゲームは難しいところもあり、残機を減らすことも多い。
そうした時は、すぐ止めて、次の日にやると、意外とクリアできる。お手軽さがすごくこのゲームにあっている。
今は、マシュマロうんかいまで行きました。１日２０分ぐらいずつ気軽にやっています。",0,2020/01/02 02:10:00,2020/01/02 02:10:00
258,8,30,61,昔ながらのマリオで、アクションが苦手な人でも楽しめます,"この作品は
スーパーマリオ１～３、
マリオワールド辺りをプレイした事のある人には
懐かしい内容になっています。
マリオが3Dになって離れていた人にも是非プレイしてほしいですね。

プレイ可能なキャラクターも増えたのですけど、
その中でも「トッテン」は
アクションが苦手な人や
ストレスを最小限にプレイした人に
オススメのキャラクターです。
特徴として
敵に当たったり攻撃を受けたとしても
小さくなったり死ぬことはありませんので、
最短プレイに適しています。
ただ、
落とし穴や溶岩の海、毒沼、
はさまれたりした場合についてはアウトです。
後、
「トッテン」のみを使用した場合、
クリア自体は可能ですけど
コンプリートできないので
注意が必要です。

とりあえず、
ルイージUの方は
「トッテン」を使用したとしても
アクション苦手な人には辛いステージが多いですね…。",0,2020/01/02 02:10:00,2020/01/02 02:10:00
259,9,30,17,ついつい力が入ってしまい、コントローラが壊れそうで心配,"FC版_1→FC版_3→DS版_New→Wii版_New→Switch版_Newをプレイしました（iPhone, Android版Runはお試しだけ）。
コントローラの形状が変わっても、アイテム、キャラクターが増えても、シリーズのスタイルは貫いていますね。
やはりマリオと言ったら、スーパーマリオブラザーズです。
今回も絶妙な難易度でした。本編ストーリーモードでなんとか☆☆☆☆☆まで達成しましたが、スペシャルスターステージはなかなかしんどいです。
今度はルイージUのコンプリートに挑戦してみようと思います。

プレイしているとついつい力が入ってしまうのですが、スイッチはコントローラの耐久性が低いので壊れてしまわないか心配です。我が家のファミリーコンピュータは33年経っても故障一つなく、現役です。一方、スイッチは発売日に我が家に届いて以来、ゼルダ、マリオカート、オデッセイなど数本のソフトをプレイしてきましたが、2年経たないうちにジョイコンスティックが駄目になってきました。騙し騙し使っていますが、もうすぐ壊れそうです。",0,2020/01/02 02:10:00,2020/01/02 02:10:00
260,10,30,96,楽しんでいます。,"スーパーマリオブラザーズ Wiiは持っていますが、WiiUはした事がありません。
大人も低学年の子どもも十分に楽しめています。ただ、Wiiに慣れているせいか大人にはSwitchの操作に慣れるまで時間がかかるようです🤣",0,2020/01/02 02:10:00,2020/01/02 02:10:00
261,11,30,22,マリオシリーズは期待を裏切らない安定の面白さ,"家族全員でプレイするには持って来いのゲームです
小さい子から大人まで幅広く遊べます
これまでのマリオシリーズを彷彿とさせるマップ構成でワクワクするし、
定番の隠しコース、隠しゴールなどの要素も満載
もういいかなって思っても、出たらつい買っちゃうのがこのシリーズですね

ゲームは下手だけど、好きって人も世の中にはたくさん居ると思います
それに皆とワイワイゲーム出来るなら、
休日は家族でゲームも悪くないなって思いました
それどころか家族でのコミュニケーションに役立ってると思います
小学生以下の子どもがいる家庭にとっては◎
大人でも、ライトに楽しみたい人にとっては◎
大人でガチのプレイがしたい人、やりこんで自分のスキルを高めたい人にも◎です
幅広い層が遊び尽くせる、これって凄い事ですよ

自分は三十代の男性で、周囲からなぜか社畜と言われるような人間です
通勤ラッシュに揉まれ、顧客にも上司にも頭下げ、
後輩の育成押し付けられて色々やってる内に連日残業
ゲームは空いた時間の隙間を見つけ、必死になってプレイしています
そんな時、ふと、マリオシリーズをプレイすると子供時代の記憶が浮かびます
日が差してきた午前５時「マリオベイベ～！ルイージフォ～！キノミ～！」
興奮しながらも、子供ながらにいちまつの虚しさ、切なさを味わいつつ、
ゲーム機のスイッチを入れ、母親が朝ご飯を作ってくれるまで
独りマリオワールドを進めまくっていました・・・
なるほど、子供の頃に熱くなったおっさん達へのアピールも抜かりなし

マリオという圧倒的に親しみやすいキャラクター性、
美麗なグラフィック、軽快ポップなＢＧＭ、小気味良い操作性
まさに非の打ち所が無く大好きなゲームとなりました
アクションゲームが苦手な人、キノコや亀や桃ってなんか卑猥と思っている人、
そう思っていてもやる価値があります
このゲームはそれほど素晴らしい作品です
「やってやるって！」でいいのでやってください
きっと１時間後には「マリオ★ラブ」と必ず思える事でしょう",0,2020/01/02 02:10:00,2020/01/02 02:10:00
